00:26:44 | INFO    | xtx.data.annotations | Scanned 1 JSON files -> 45279 images, 119735 people
00:26:46 | INFO    | xtx.data.annotations | Scanned 1 JSON files -> 11320 images, 30078 people
00:26:47 | INFO    | xtx.engine.trainer | Built XTX-n (2.85M params) on cuda | train=45279 imgs test=11320 imgs
00:27:19 | INFO    | xtx.engine.trainer | E1/100 S1/4244 | total=352.536 box=1.300 cls=3.309 kpt=28.228 vis=2.391 | lr=0.00000 | 1.0 img/s | ETA 133335s
00:27:28 | INFO    | xtx.engine.trainer | E1/100 S11/4244 | total=371.085 box=1.318 cls=3.347 kpt=29.756 vis=2.447 | lr=0.00001 | 8.7 img/s | ETA 15617s
00:27:37 | INFO    | xtx.engine.trainer | E1/100 S21/4244 | total=340.544 box=1.359 cls=3.373 kpt=27.185 vis=2.445 | lr=0.00002 | 13.6 img/s | ETA 9938s
00:27:46 | INFO    | xtx.engine.trainer | E1/100 S31/4244 | total=362.913 box=1.317 cls=3.214 kpt=29.078 vis=2.495 | lr=0.00002 | 16.9 img/s | ETA 7964s
00:27:55 | INFO    | xtx.engine.trainer | E1/100 S41/4244 | total=331.567 box=1.333 cls=3.257 kpt=26.463 vis=2.390 | lr=0.00003 | 19.4 img/s | ETA 6923s
00:28:04 | INFO    | xtx.engine.trainer | E1/100 S51/4244 | total=338.636 box=1.389 cls=2.967 kpt=27.026 vis=2.423 | lr=0.00004 | 21.3 img/s | ETA 6299s
00:28:13 | INFO    | xtx.engine.trainer | E1/100 S61/4244 | total=336.749 box=1.297 cls=3.368 kpt=26.914 vis=2.376 | lr=0.00005 | 22.8 img/s | ETA 5881s
00:28:22 | INFO    | xtx.engine.trainer | E1/100 S71/4244 | total=319.780 box=1.270 cls=3.450 kpt=25.517 vis=2.321 | lr=0.00005 | 24.0 img/s | ETA 5570s
00:28:31 | INFO    | xtx.engine.trainer | E1/100 S81/4244 | total=331.898 box=1.342 cls=3.134 kpt=26.487 vis=2.420 | lr=0.00006 | 25.1 img/s | ETA 5317s
00:28:39 | INFO    | xtx.engine.trainer | E1/100 S91/4244 | total=348.154 box=1.348 cls=3.096 kpt=27.842 vis=2.391 | lr=0.00007 | 25.9 img/s | ETA 5127s
00:28:48 | INFO    | xtx.engine.trainer | E1/100 S101/4244 | total=355.814 box=1.341 cls=3.218 kpt=28.477 vis=2.424 | lr=0.00008 | 26.7 img/s | ETA 4971s
00:28:57 | INFO    | xtx.engine.trainer | E1/100 S111/4244 | total=330.143 box=1.310 cls=3.288 kpt=26.361 vis=2.337 | lr=0.00009 | 27.3 img/s | ETA 4848s
00:29:06 | INFO    | xtx.engine.trainer | E1/100 S121/4244 | total=345.506 box=1.349 cls=3.092 kpt=27.619 vis=2.419 | lr=0.00009 | 27.8 img/s | ETA 4748s
00:29:15 | INFO    | xtx.engine.trainer | E1/100 S131/4244 | total=357.338 box=1.322 cls=3.203 kpt=28.611 vis=2.487 | lr=0.00010 | 28.3 img/s | ETA 4656s
00:29:24 | INFO    | xtx.engine.trainer | E1/100 S141/4244 | total=357.975 box=1.357 cls=3.036 kpt=28.647 vis=2.512 | lr=0.00011 | 28.7 img/s | ETA 4567s
00:29:33 | INFO    | xtx.engine.trainer | E1/100 S151/4244 | total=344.708 box=1.340 cls=3.338 kpt=27.549 vis=2.407 | lr=0.00012 | 29.1 img/s | ETA 4494s
00:29:42 | INFO    | xtx.engine.trainer | E1/100 S161/4244 | total=338.926 box=1.308 cls=3.350 kpt=27.091 vis=2.351 | lr=0.00013 | 29.5 img/s | ETA 4428s
00:29:50 | INFO    | xtx.engine.trainer | E1/100 S171/4244 | total=334.045 box=1.292 cls=3.467 kpt=26.690 vis=2.341 | lr=0.00013 | 29.9 img/s | ETA 4363s
00:29:59 | INFO    | xtx.engine.trainer | E1/100 S181/4244 | total=337.255 box=1.343 cls=3.212 kpt=26.932 vis=2.397 | lr=0.00014 | 30.2 img/s | ETA 4305s
00:30:08 | INFO    | xtx.engine.trainer | E1/100 S191/4244 | total=314.360 box=1.303 cls=3.356 kpt=25.050 vis=2.311 | lr=0.00015 | 30.5 img/s | ETA 4256s
00:30:16 | INFO    | xtx.engine.trainer | E1/100 S201/4244 | total=333.910 box=1.339 cls=3.221 kpt=26.658 vis=2.361 | lr=0.00016 | 30.7 img/s | ETA 4209s
00:30:25 | INFO    | xtx.engine.trainer | E1/100 S211/4244 | total=340.688 box=1.304 cls=3.328 kpt=27.239 vis=2.376 | lr=0.00016 | 31.0 img/s | ETA 4163s
00:30:33 | INFO    | xtx.engine.trainer | E1/100 S221/4244 | total=325.467 box=1.352 cls=3.283 kpt=25.948 vis=2.306 | lr=0.00017 | 31.3 img/s | ETA 4119s
00:30:42 | INFO    | xtx.engine.trainer | E1/100 S231/4244 | total=331.283 box=1.362 cls=3.138 kpt=26.428 vis=2.364 | lr=0.00018 | 31.5 img/s | ETA 4078s
00:30:51 | INFO    | xtx.engine.trainer | E1/100 S241/4244 | total=329.701 box=1.297 cls=3.406 kpt=26.322 vis=2.405 | lr=0.00019 | 31.7 img/s | ETA 4043s
00:30:59 | INFO    | xtx.engine.trainer | E1/100 S251/4244 | total=332.541 box=1.316 cls=3.341 kpt=26.553 vis=2.364 | lr=0.00020 | 31.9 img/s | ETA 4007s
00:31:07 | INFO    | xtx.engine.trainer | E1/100 S261/4244 | total=315.756 box=1.328 cls=3.265 kpt=25.155 vis=2.304 | lr=0.00020 | 32.1 img/s | ETA 3971s
00:31:16 | INFO    | xtx.engine.trainer | E1/100 S271/4244 | total=334.768 box=1.294 cls=3.405 kpt=26.746 vis=2.412 | lr=0.00021 | 32.3 img/s | ETA 3939s
00:31:25 | INFO    | xtx.engine.trainer | E1/100 S281/4244 | total=334.722 box=1.292 cls=3.343 kpt=26.745 vis=2.422 | lr=0.00022 | 32.4 img/s | ETA 3912s
00:31:33 | INFO    | xtx.engine.trainer | E1/100 S291/4244 | total=337.882 box=1.369 cls=3.027 kpt=26.972 vis=2.440 | lr=0.00023 | 32.6 img/s | ETA 3883s
00:31:42 | INFO    | xtx.engine.trainer | E1/100 S301/4244 | total=341.764 box=1.377 cls=2.998 kpt=27.292 vis=2.427 | lr=0.00024 | 32.7 img/s | ETA 3857s
00:31:48 | INFO    | xtx.engine.checkpoint | Saved checkpoint -> runs\xtx-n\last.pt
00:31:50 | INFO    | xtx.engine.trainer | E1/100 S311/4244 | total=319.735 box=1.345 cls=3.181 kpt=25.475 vis=2.350 | lr=0.00024 | 32.8 img/s | ETA 3833s
00:31:59 | INFO    | xtx.engine.trainer | E1/100 S321/4244 | total=335.125 box=1.343 cls=3.201 kpt=26.753 vis=2.411 | lr=0.00025 | 32.9 img/s | ETA 3810s
00:32:08 | INFO    | xtx.engine.trainer | E1/100 S331/4244 | total=322.153 box=1.293 cls=3.344 kpt=25.701 vis=2.367 | lr=0.00026 | 33.1 img/s | ETA 3788s
00:32:16 | INFO    | xtx.engine.trainer | E1/100 S341/4244 | total=339.235 box=1.320 cls=3.247 kpt=27.109 vis=2.409 | lr=0.00027 | 33.2 img/s | ETA 3767s
00:32:25 | INFO    | xtx.engine.trainer | E1/100 S351/4244 | total=316.845 box=1.337 cls=3.192 kpt=25.240 vis=2.338 | lr=0.00027 | 33.3 img/s | ETA 3745s
00:32:33 | INFO    | xtx.engine.trainer | E1/100 S361/4244 | total=332.638 box=1.321 cls=3.207 kpt=26.559 vis=2.414 | lr=0.00028 | 33.4 img/s | ETA 3721s
00:32:41 | INFO    | xtx.engine.trainer | E1/100 S371/4244 | total=325.500 box=1.310 cls=3.313 kpt=25.976 vis=2.306 | lr=0.00029 | 33.5 img/s | ETA 3698s
00:32:50 | INFO    | xtx.engine.trainer | E1/100 S381/4244 | total=336.878 box=1.325 cls=3.271 kpt=26.911 vis=2.366 | lr=0.00030 | 33.6 img/s | ETA 3678s
00:32:58 | INFO    | xtx.engine.trainer | E1/100 S391/4244 | total=324.480 box=1.331 cls=3.176 kpt=25.879 vis=2.364 | lr=0.00031 | 33.7 img/s | ETA 3658s
00:33:07 | INFO    | xtx.engine.trainer | E1/100 S401/4244 | total=327.076 box=1.304 cls=3.322 kpt=26.102 vis=2.407 | lr=0.00031 | 33.8 img/s | ETA 3642s
00:33:16 | INFO    | xtx.engine.trainer | E1/100 S411/4244 | total=325.264 box=1.302 cls=3.336 kpt=25.956 vis=2.356 | lr=0.00032 | 33.8 img/s | ETA 3628s
00:33:25 | INFO    | xtx.engine.trainer | E1/100 S421/4244 | total=332.977 box=1.318 cls=3.246 kpt=26.591 vis=2.375 | lr=0.00033 | 33.9 img/s | ETA 3612s
00:33:34 | INFO    | xtx.engine.trainer | E1/100 S431/4244 | total=325.699 box=1.352 cls=3.132 kpt=25.970 vis=2.353 | lr=0.00034 | 33.9 img/s | ETA 3599s
00:33:42 | INFO    | xtx.engine.trainer | E1/100 S441/4244 | total=337.034 box=1.394 cls=2.983 kpt=26.897 vis=2.332 | lr=0.00035 | 34.0 img/s | ETA 3582s
00:33:51 | INFO    | xtx.engine.trainer | E1/100 S451/4244 | total=332.076 box=1.331 cls=3.318 kpt=26.509 vis=2.327 | lr=0.00035 | 34.0 img/s | ETA 3566s
00:34:00 | INFO    | xtx.engine.trainer | E1/100 S461/4244 | total=335.989 box=1.381 cls=2.998 kpt=26.818 vis=2.317 | lr=0.00036 | 34.1 img/s | ETA 3550s
00:34:08 | INFO    | xtx.engine.trainer | E1/100 S471/4244 | total=341.859 box=1.366 cls=3.097 kpt=27.306 vis=2.394 | lr=0.00037 | 34.2 img/s | ETA 3534s
00:34:17 | INFO    | xtx.engine.trainer | E1/100 S481/4244 | total=319.808 box=1.281 cls=3.436 kpt=25.512 vis=2.331 | lr=0.00038 | 34.2 img/s | ETA 3519s
00:34:26 | INFO    | xtx.engine.trainer | E1/100 S491/4244 | total=318.786 box=1.294 cls=3.401 kpt=25.421 vis=2.334 | lr=0.00038 | 34.3 img/s | ETA 3504s
00:34:34 | INFO    | xtx.engine.trainer | E1/100 S501/4244 | total=314.489 box=1.327 cls=3.383 kpt=25.046 vis=2.297 | lr=0.00039 | 34.3 img/s | ETA 3489s
00:34:43 | INFO    | xtx.engine.trainer | E1/100 S511/4244 | total=316.720 box=1.279 cls=3.412 kpt=25.258 vis=2.319 | lr=0.00040 | 34.4 img/s | ETA 3473s
00:34:51 | INFO    | xtx.engine.trainer | E1/100 S521/4244 | total=314.810 box=1.269 cls=3.467 kpt=25.101 vis=2.345 | lr=0.00041 | 34.5 img/s | ETA 3458s
00:35:00 | INFO    | xtx.engine.trainer | E1/100 S531/4244 | total=320.977 box=1.285 cls=3.439 kpt=25.606 vis=2.343 | lr=0.00042 | 34.5 img/s | ETA 3444s
00:35:08 | INFO    | xtx.engine.trainer | E1/100 S541/4244 | total=318.417 box=1.279 cls=3.445 kpt=25.395 vis=2.366 | lr=0.00042 | 34.6 img/s | ETA 3429s
00:35:16 | INFO    | xtx.engine.trainer | E1/100 S551/4244 | total=313.835 box=1.309 cls=3.244 kpt=25.004 vis=2.351 | lr=0.00043 | 34.6 img/s | ETA 3412s
00:35:25 | INFO    | xtx.engine.trainer | E1/100 S561/4244 | total=332.848 box=1.299 cls=3.397 kpt=26.589 vis=2.339 | lr=0.00044 | 34.7 img/s | ETA 3397s
00:35:33 | INFO    | xtx.engine.trainer | E1/100 S571/4244 | total=320.510 box=1.379 cls=3.070 kpt=25.529 vis=2.291 | lr=0.00045 | 34.7 img/s | ETA 3382s
00:35:41 | INFO    | xtx.engine.trainer | E1/100 S581/4244 | total=313.950 box=1.307 cls=3.243 kpt=25.012 vis=2.380 | lr=0.00046 | 34.8 img/s | ETA 3367s
00:35:49 | INFO    | xtx.engine.trainer | E1/100 S591/4244 | total=321.486 box=1.301 cls=3.364 kpt=25.637 vis=2.408 | lr=0.00046 | 34.9 img/s | ETA 3352s
00:35:58 | INFO    | xtx.engine.trainer | E1/100 S601/4244 | total=318.307 box=1.309 cls=3.325 kpt=25.377 vis=2.310 | lr=0.00047 | 34.9 img/s | ETA 3338s
00:36:06 | INFO    | xtx.engine.trainer | E1/100 S611/4244 | total=309.821 box=1.306 cls=3.317 kpt=24.674 vis=2.286 | lr=0.00048 | 35.0 img/s | ETA 3325s
00:36:15 | INFO    | xtx.engine.trainer | E1/100 S621/4244 | total=327.841 box=1.303 cls=3.279 kpt=26.169 vis=2.402 | lr=0.00049 | 35.0 img/s | ETA 3313s
00:36:24 | INFO    | xtx.engine.trainer | E1/100 S631/4244 | total=317.816 box=1.327 cls=3.170 kpt=25.329 vis=2.324 | lr=0.00049 | 35.0 img/s | ETA 3301s
00:36:32 | INFO    | xtx.engine.trainer | E1/100 S641/4244 | total=311.166 box=1.349 cls=3.140 kpt=24.765 vis=2.291 | lr=0.00050 | 35.1 img/s | ETA 3289s
00:36:41 | INFO    | xtx.engine.trainer | E1/100 S651/4244 | total=319.262 box=1.289 cls=3.432 kpt=25.464 vis=2.319 | lr=0.00051 | 35.1 img/s | ETA 3275s
00:36:48 | INFO    | xtx.engine.checkpoint | Saved checkpoint -> runs\xtx-n\last.pt
00:36:49 | INFO    | xtx.engine.trainer | E1/100 S661/4244 | total=318.308 box=1.371 cls=3.103 kpt=25.349 vis=2.290 | lr=0.00052 | 35.1 img/s | ETA 3262s
00:36:58 | INFO    | xtx.engine.trainer | E1/100 S671/4244 | total=318.270 box=1.314 cls=3.299 kpt=25.371 vis=2.314 | lr=0.00053 | 35.2 img/s | ETA 3251s
00:37:06 | INFO    | xtx.engine.trainer | E1/100 S681/4244 | total=316.337 box=1.331 cls=3.180 kpt=25.204 vis=2.313 | lr=0.00053 | 35.2 img/s | ETA 3238s
00:37:14 | INFO    | xtx.engine.trainer | E1/100 S691/4244 | total=308.594 box=1.320 cls=3.262 kpt=24.562 vis=2.312 | lr=0.00054 | 35.2 img/s | ETA 3226s
00:37:23 | INFO    | xtx.engine.trainer | E1/100 S701/4244 | total=307.602 box=1.314 cls=3.281 kpt=24.484 vis=2.290 | lr=0.00055 | 35.3 img/s | ETA 3215s
00:37:32 | INFO    | xtx.engine.trainer | E1/100 S711/4244 | total=314.941 box=1.315 cls=3.263 kpt=25.096 vis=2.292 | lr=0.00056 | 35.3 img/s | ETA 3203s
00:37:40 | INFO    | xtx.engine.trainer | E1/100 S721/4244 | total=311.724 box=1.318 cls=3.180 kpt=24.825 vis=2.347 | lr=0.00057 | 35.3 img/s | ETA 3192s
00:37:49 | INFO    | xtx.engine.trainer | E1/100 S731/4244 | total=312.732 box=1.364 cls=3.015 kpt=24.880 vis=2.435 | lr=0.00057 | 35.4 img/s | ETA 3180s
00:37:57 | INFO    | xtx.engine.trainer | E1/100 S741/4244 | total=312.518 box=1.308 cls=3.248 kpt=24.893 vis=2.368 | lr=0.00058 | 35.4 img/s | ETA 3167s
00:38:05 | INFO    | xtx.engine.trainer | E1/100 S751/4244 | total=314.643 box=1.256 cls=3.511 kpt=25.094 vis=2.346 | lr=0.00059 | 35.4 img/s | ETA 3155s
00:38:14 | INFO    | xtx.engine.trainer | E1/100 S761/4244 | total=304.748 box=1.332 cls=3.197 kpt=24.236 vis=2.332 | lr=0.00060 | 35.5 img/s | ETA 3143s
00:38:22 | INFO    | xtx.engine.trainer | E1/100 S771/4244 | total=309.541 box=1.286 cls=3.402 kpt=24.656 vis=2.326 | lr=0.00060 | 35.5 img/s | ETA 3131s
00:38:30 | INFO    | xtx.engine.trainer | E1/100 S781/4244 | total=303.973 box=1.330 cls=3.197 kpt=24.173 vis=2.328 | lr=0.00061 | 35.5 img/s | ETA 3119s
00:38:39 | INFO    | xtx.engine.trainer | E1/100 S791/4244 | total=314.388 box=1.311 cls=3.310 kpt=25.047 vis=2.331 | lr=0.00062 | 35.6 img/s | ETA 3108s
00:38:48 | INFO    | xtx.engine.trainer | E1/100 S801/4244 | total=315.765 box=1.339 cls=3.279 kpt=25.153 vis=2.249 | lr=0.00063 | 35.6 img/s | ETA 3097s
00:38:56 | INFO    | xtx.engine.trainer | E1/100 S811/4244 | total=301.615 box=1.300 cls=3.343 kpt=23.991 vis=2.298 | lr=0.00064 | 35.6 img/s | ETA 3086s
00:39:05 | INFO    | xtx.engine.trainer | E1/100 S821/4244 | total=295.717 box=1.228 cls=3.624 kpt=23.537 vis=2.255 | lr=0.00064 | 35.6 img/s | ETA 3075s
00:39:13 | INFO    | xtx.engine.trainer | E1/100 S831/4244 | total=310.844 box=1.351 cls=3.064 kpt=24.737 vis=2.332 | lr=0.00065 | 35.6 img/s | ETA 3064s
00:39:22 | INFO    | xtx.engine.trainer | E1/100 S841/4244 | total=312.071 box=1.319 cls=3.244 kpt=24.856 vis=2.286 | lr=0.00066 | 35.7 img/s | ETA 3053s
00:39:30 | INFO    | xtx.engine.trainer | E1/100 S851/4244 | total=310.633 box=1.311 cls=3.229 kpt=24.736 vis=2.355 | lr=0.00067 | 35.7 img/s | ETA 3041s
00:39:38 | INFO    | xtx.engine.trainer | E1/100 S861/4244 | total=308.529 box=1.320 cls=3.202 kpt=24.561 vis=2.295 | lr=0.00068 | 35.7 img/s | ETA 3030s
00:39:47 | INFO    | xtx.engine.trainer | E1/100 S871/4244 | total=296.317 box=1.283 cls=3.333 kpt=23.557 vis=2.344 | lr=0.00068 | 35.8 img/s | ETA 3018s
00:39:55 | INFO    | xtx.engine.trainer | E1/100 S881/4244 | total=304.200 box=1.324 cls=3.241 kpt=24.199 vis=2.260 | lr=0.00069 | 35.8 img/s | ETA 3007s
00:40:03 | INFO    | xtx.engine.trainer | E1/100 S891/4244 | total=312.963 box=1.336 cls=3.172 kpt=24.924 vis=2.271 | lr=0.00070 | 35.8 img/s | ETA 2996s
00:40:12 | INFO    | xtx.engine.trainer | E1/100 S901/4244 | total=307.994 box=1.324 cls=3.224 kpt=24.515 vis=2.272 | lr=0.00071 | 35.8 img/s | ETA 2985s
00:40:20 | INFO    | xtx.engine.trainer | E1/100 S911/4244 | total=298.768 box=1.275 cls=3.373 kpt=23.769 vis=2.292 | lr=0.00071 | 35.8 img/s | ETA 2976s
00:40:29 | INFO    | xtx.engine.trainer | E1/100 S921/4244 | total=304.046 box=1.329 cls=3.160 kpt=24.181 vis=2.324 | lr=0.00072 | 35.9 img/s | ETA 2965s
00:40:38 | INFO    | xtx.engine.trainer | E1/100 S931/4244 | total=305.218 box=1.286 cls=3.347 kpt=24.300 vis=2.303 | lr=0.00073 | 35.9 img/s | ETA 2955s
00:40:46 | INFO    | xtx.engine.trainer | E1/100 S941/4244 | total=306.696 box=1.290 cls=3.360 kpt=24.423 vis=2.262 | lr=0.00074 | 35.9 img/s | ETA 2944s
00:40:54 | INFO    | xtx.engine.trainer | E1/100 S951/4244 | total=295.252 box=1.287 cls=3.337 kpt=23.466 vis=2.333 | lr=0.00075 | 35.9 img/s | ETA 2933s
00:41:03 | INFO    | xtx.engine.trainer | E1/100 S961/4244 | total=308.574 box=1.340 cls=3.148 kpt=24.556 vis=2.283 | lr=0.00075 | 35.9 img/s | ETA 2925s
00:41:12 | INFO    | xtx.engine.trainer | E1/100 S971/4244 | total=311.129 box=1.300 cls=3.284 kpt=24.787 vis=2.294 | lr=0.00076 | 35.9 img/s | ETA 2916s
00:41:21 | INFO    | xtx.engine.trainer | E1/100 S981/4244 | total=294.148 box=1.307 cls=3.265 kpt=23.371 vis=2.262 | lr=0.00077 | 35.9 img/s | ETA 2907s
00:41:30 | INFO    | xtx.engine.trainer | E1/100 S991/4244 | total=295.037 box=1.283 cls=3.340 kpt=23.455 vis=2.281 | lr=0.00078 | 35.9 img/s | ETA 2898s
00:41:39 | INFO    | xtx.engine.trainer | E1/100 S1001/4244 | total=292.661 box=1.302 cls=3.229 kpt=23.245 vis=2.346 | lr=0.00079 | 35.9 img/s | ETA 2889s
00:41:48 | INFO    | xtx.engine.trainer | E1/100 S1011/4244 | total=308.435 box=1.281 cls=3.330 kpt=24.573 vis=2.293 | lr=0.00079 | 35.9 img/s | ETA 2879s
00:41:49 | INFO    | xtx.engine.checkpoint | Saved checkpoint -> runs\xtx-n\last.pt
00:41:56 | INFO    | xtx.engine.trainer | E1/100 S1021/4244 | total=293.943 box=1.294 cls=3.296 kpt=23.358 vis=2.297 | lr=0.00080 | 35.9 img/s | ETA 2870s
00:42:05 | INFO    | xtx.engine.trainer | E1/100 S1031/4244 | total=296.165 box=1.288 cls=3.333 kpt=23.544 vis=2.305 | lr=0.00081 | 35.9 img/s | ETA 2860s
00:42:13 | INFO    | xtx.engine.trainer | E1/100 S1041/4244 | total=299.977 box=1.303 cls=3.194 kpt=23.860 vis=2.293 | lr=0.00082 | 36.0 img/s | ETA 2850s
00:42:22 | INFO    | xtx.engine.trainer | E1/100 S1051/4244 | total=291.586 box=1.276 cls=3.359 kpt=23.171 vis=2.276 | lr=0.00082 | 36.0 img/s | ETA 2840s
00:42:31 | INFO    | xtx.engine.trainer | E1/100 S1061/4244 | total=278.927 box=1.278 cls=3.289 kpt=22.112 vis=2.350 | lr=0.00083 | 36.0 img/s | ETA 2831s
00:42:39 | INFO    | xtx.engine.trainer | E1/100 S1071/4244 | total=299.162 box=1.312 cls=3.147 kpt=23.788 vis=2.298 | lr=0.00084 | 36.0 img/s | ETA 2822s
00:42:48 | INFO    | xtx.engine.trainer | E1/100 S1081/4244 | total=293.491 box=1.255 cls=3.396 kpt=23.340 vis=2.298 | lr=0.00085 | 36.0 img/s | ETA 2812s
00:42:57 | INFO    | xtx.engine.trainer | E1/100 S1091/4244 | total=289.425 box=1.294 cls=3.233 kpt=22.984 vis=2.294 | lr=0.00086 | 36.0 img/s | ETA 2803s
00:43:06 | INFO    | xtx.engine.trainer | E1/100 S1101/4244 | total=281.484 box=1.220 cls=3.510 kpt=22.355 vis=2.315 | lr=0.00086 | 36.0 img/s | ETA 2793s
00:43:14 | INFO    | xtx.engine.trainer | E1/100 S1111/4244 | total=283.259 box=1.244 cls=3.476 kpt=22.493 vis=2.278 | lr=0.00087 | 36.0 img/s | ETA 2784s
00:43:23 | INFO    | xtx.engine.trainer | E1/100 S1121/4244 | total=296.460 box=1.264 cls=3.368 kpt=23.584 vis=2.292 | lr=0.00088 | 36.0 img/s | ETA 2775s
00:43:32 | INFO    | xtx.engine.trainer | E1/100 S1131/4244 | total=292.303 box=1.276 cls=3.232 kpt=23.232 vis=2.328 | lr=0.00089 | 36.0 img/s | ETA 2766s
00:43:41 | INFO    | xtx.engine.trainer | E1/100 S1141/4244 | total=291.486 box=1.254 cls=3.349 kpt=23.175 vis=2.309 | lr=0.00090 | 36.0 img/s | ETA 2757s
00:43:49 | INFO    | xtx.engine.trainer | E1/100 S1151/4244 | total=288.157 box=1.228 cls=3.462 kpt=22.908 vis=2.317 | lr=0.00090 | 36.0 img/s | ETA 2747s
00:43:58 | INFO    | xtx.engine.trainer | E1/100 S1161/4244 | total=296.251 box=1.293 cls=3.191 kpt=23.549 vis=2.370 | lr=0.00091 | 36.0 img/s | ETA 2739s
00:44:07 | INFO    | xtx.engine.trainer | E1/100 S1171/4244 | total=271.650 box=1.203 cls=3.502 kpt=21.547 vis=2.305 | lr=0.00092 | 36.0 img/s | ETA 2728s
00:44:15 | INFO    | xtx.engine.trainer | E1/100 S1181/4244 | total=287.196 box=1.206 cls=3.432 kpt=22.842 vis=2.328 | lr=0.00093 | 36.1 img/s | ETA 2718s
00:44:24 | INFO    | xtx.engine.trainer | E1/100 S1191/4244 | total=282.513 box=1.184 cls=3.592 kpt=22.462 vis=2.294 | lr=0.00093 | 36.1 img/s | ETA 2708s
00:44:32 | INFO    | xtx.engine.trainer | E1/100 S1201/4244 | total=267.005 box=1.201 cls=3.463 kpt=21.165 vis=2.288 | lr=0.00094 | 36.1 img/s | ETA 2699s
00:44:41 | INFO    | xtx.engine.trainer | E1/100 S1211/4244 | total=282.056 box=1.164 cls=3.634 kpt=22.434 vis=2.305 | lr=0.00095 | 36.1 img/s | ETA 2689s
00:44:49 | INFO    | xtx.engine.trainer | E1/100 S1221/4244 | total=273.425 box=1.198 cls=3.495 kpt=21.704 vis=2.241 | lr=0.00096 | 36.1 img/s | ETA 2679s
00:44:58 | INFO    | xtx.engine.trainer | E1/100 S1231/4244 | total=274.462 box=1.194 cls=3.490 kpt=21.790 vis=2.288 | lr=0.00097 | 36.1 img/s | ETA 2669s
00:45:06 | INFO    | xtx.engine.trainer | E1/100 S1241/4244 | total=271.258 box=1.173 cls=3.420 kpt=21.536 vis=2.311 | lr=0.00097 | 36.1 img/s | ETA 2659s
00:45:14 | INFO    | xtx.engine.trainer | E1/100 S1251/4244 | total=271.015 box=1.166 cls=3.484 kpt=21.520 vis=2.283 | lr=0.00098 | 36.2 img/s | ETA 2649s
00:45:23 | INFO    | xtx.engine.trainer | E1/100 S1261/4244 | total=274.907 box=1.165 cls=3.457 kpt=21.846 vis=2.285 | lr=0.00099 | 36.2 img/s | ETA 2639s
00:45:31 | INFO    | xtx.engine.trainer | E1/100 S1271/4244 | total=279.320 box=1.177 cls=3.423 kpt=22.207 vis=2.292 | lr=0.00100 | 36.2 img/s | ETA 2630s
00:45:40 | INFO    | xtx.engine.trainer | E1/100 S1281/4244 | total=274.400 box=1.110 cls=3.617 kpt=21.832 vis=2.283 | lr=0.00101 | 36.2 img/s | ETA 2620s
00:45:49 | INFO    | xtx.engine.trainer | E1/100 S1291/4244 | total=266.768 box=1.074 cls=3.603 kpt=21.220 vis=2.267 | lr=0.00101 | 36.2 img/s | ETA 2611s
00:45:57 | INFO    | xtx.engine.trainer | E1/100 S1301/4244 | total=262.273 box=1.084 cls=3.597 kpt=20.842 vis=2.247 | lr=0.00102 | 36.2 img/s | ETA 2602s
00:46:06 | INFO    | xtx.engine.trainer | E1/100 S1311/4244 | total=264.302 box=1.081 cls=3.547 kpt=21.012 vis=2.281 | lr=0.00103 | 36.2 img/s | ETA 2592s
00:46:15 | INFO    | xtx.engine.trainer | E1/100 S1321/4244 | total=266.295 box=1.093 cls=3.411 kpt=21.178 vis=2.253 | lr=0.00104 | 36.2 img/s | ETA 2583s
00:46:23 | INFO    | xtx.engine.trainer | E1/100 S1331/4244 | total=266.546 box=1.106 cls=3.422 kpt=21.193 vis=2.224 | lr=0.00104 | 36.2 img/s | ETA 2574s
00:46:32 | INFO    | xtx.engine.trainer | E1/100 S1341/4244 | total=268.615 box=1.072 cls=3.212 kpt=21.393 vis=2.250 | lr=0.00105 | 36.2 img/s | ETA 2565s
00:46:41 | INFO    | xtx.engine.trainer | E1/100 S1351/4244 | total=263.121 box=1.070 cls=3.308 kpt=20.935 vis=2.216 | lr=0.00106 | 36.2 img/s | ETA 2556s
00:46:49 | INFO    | xtx.engine.trainer | E1/100 S1361/4244 | total=257.526 box=1.047 cls=3.360 kpt=20.485 vis=2.169 | lr=0.00107 | 36.2 img/s | ETA 2547s
00:46:50 | INFO    | xtx.engine.checkpoint | Saved checkpoint -> runs\xtx-n\last.pt
00:46:58 | INFO    | xtx.engine.trainer | E1/100 S1371/4244 | total=262.577 box=1.042 cls=3.260 kpt=20.915 vis=2.151 | lr=0.00108 | 36.2 img/s | ETA 2538s
00:47:07 | INFO    | xtx.engine.trainer | E1/100 S1381/4244 | total=261.806 box=1.078 cls=3.181 kpt=20.832 vis=2.150 | lr=0.00108 | 36.2 img/s | ETA 2529s
00:47:16 | INFO    | xtx.engine.trainer | E1/100 S1391/4244 | total=261.012 box=1.015 cls=3.296 kpt=20.800 vis=2.149 | lr=0.00109 | 36.2 img/s | ETA 2521s
00:47:25 | INFO    | xtx.engine.trainer | E1/100 S1401/4244 | total=258.578 box=1.018 cls=3.119 kpt=20.607 vis=2.104 | lr=0.00110 | 36.2 img/s | ETA 2512s
00:47:34 | INFO    | xtx.engine.trainer | E1/100 S1411/4244 | total=265.356 box=0.983 cls=3.166 kpt=21.191 vis=2.103 | lr=0.00111 | 36.2 img/s | ETA 2503s
00:47:42 | INFO    | xtx.engine.trainer | E1/100 S1421/4244 | total=254.311 box=0.983 cls=2.995 kpt=20.281 vis=2.067 | lr=0.00112 | 36.2 img/s | ETA 2493s
00:47:51 | INFO    | xtx.engine.trainer | E1/100 S1431/4244 | total=262.571 box=1.017 cls=3.172 kpt=20.938 vis=2.103 | lr=0.00112 | 36.2 img/s | ETA 2484s
00:47:59 | INFO    | xtx.engine.trainer | E1/100 S1441/4244 | total=254.515 box=0.993 cls=2.950 kpt=20.297 vis=2.035 | lr=0.00113 | 36.2 img/s | ETA 2475s
00:48:08 | INFO    | xtx.engine.trainer | E1/100 S1451/4244 | total=262.863 box=0.934 cls=3.070 kpt=21.024 vis=2.031 | lr=0.00114 | 36.2 img/s | ETA 2466s
00:48:17 | INFO    | xtx.engine.trainer | E1/100 S1461/4244 | total=251.981 box=0.999 cls=3.013 kpt=20.079 vis=2.035 | lr=0.00115 | 36.2 img/s | ETA 2457s
00:48:26 | INFO    | xtx.engine.trainer | E1/100 S1471/4244 | total=254.039 box=0.984 cls=2.944 kpt=20.262 vis=2.040 | lr=0.00115 | 36.2 img/s | ETA 2449s
00:48:35 | INFO    | xtx.engine.trainer | E1/100 S1481/4244 | total=259.188 box=0.952 cls=2.923 kpt=20.714 vis=2.017 | lr=0.00116 | 36.2 img/s | ETA 2440s
00:48:44 | INFO    | xtx.engine.trainer | E1/100 S1491/4244 | total=245.092 box=0.979 cls=2.897 kpt=19.529 vis=1.951 | lr=0.00117 | 36.2 img/s | ETA 2431s
00:48:53 | INFO    | xtx.engine.trainer | E1/100 S1501/4244 | total=255.336 box=0.975 cls=2.810 kpt=20.385 vis=1.994 | lr=0.00118 | 36.2 img/s | ETA 2423s
00:49:02 | INFO    | xtx.engine.trainer | E1/100 S1511/4244 | total=247.677 box=0.969 cls=2.890 kpt=19.748 vis=1.990 | lr=0.00119 | 36.2 img/s | ETA 2414s
00:49:11 | INFO    | xtx.engine.trainer | E1/100 S1521/4244 | total=250.802 box=0.937 cls=2.820 kpt=20.035 vis=1.949 | lr=0.00119 | 36.2 img/s | ETA 2406s
00:49:20 | INFO    | xtx.engine.trainer | E1/100 S1531/4244 | total=257.801 box=0.937 cls=2.905 kpt=20.611 vis=1.990 | lr=0.00120 | 36.2 img/s | ETA 2397s
00:49:28 | INFO    | xtx.engine.trainer | E1/100 S1541/4244 | total=248.510 box=0.939 cls=2.806 kpt=19.842 vis=1.958 | lr=0.00121 | 36.2 img/s | ETA 2388s
00:49:37 | INFO    | xtx.engine.trainer | E1/100 S1551/4244 | total=248.569 box=0.962 cls=2.904 kpt=19.830 vis=1.934 | lr=0.00122 | 36.2 img/s | ETA 2379s
00:49:46 | INFO    | xtx.engine.trainer | E1/100 S1561/4244 | total=249.580 box=0.952 cls=2.833 kpt=19.923 vis=1.948 | lr=0.00123 | 36.2 img/s | ETA 2370s
00:49:55 | INFO    | xtx.engine.trainer | E1/100 S1571/4244 | total=249.052 box=0.895 cls=2.853 kpt=19.921 vis=1.860 | lr=0.00123 | 36.2 img/s | ETA 2362s
00:50:04 | INFO    | xtx.engine.trainer | E1/100 S1581/4244 | total=248.552 box=0.946 cls=2.790 kpt=19.843 vis=1.949 | lr=0.00124 | 36.2 img/s | ETA 2353s
00:50:13 | INFO    | xtx.engine.trainer | E1/100 S1591/4244 | total=253.485 box=0.955 cls=2.872 kpt=20.249 vis=1.896 | lr=0.00125 | 36.2 img/s | ETA 2344s
00:50:22 | INFO    | xtx.engine.trainer | E1/100 S1601/4244 | total=246.369 box=0.961 cls=2.803 kpt=19.653 vis=1.920 | lr=0.00126 | 36.2 img/s | ETA 2335s
00:50:31 | INFO    | xtx.engine.trainer | E1/100 S1611/4244 | total=256.382 box=0.917 cls=2.728 kpt=20.519 vis=1.914 | lr=0.00126 | 36.2 img/s | ETA 2327s
00:50:39 | INFO    | xtx.engine.trainer | E1/100 S1621/4244 | total=248.321 box=0.911 cls=2.843 kpt=19.845 vis=1.931 | lr=0.00127 | 36.2 img/s | ETA 2317s
00:50:48 | INFO    | xtx.engine.trainer | E1/100 S1631/4244 | total=250.868 box=0.907 cls=2.844 kpt=20.064 vis=1.873 | lr=0.00128 | 36.2 img/s | ETA 2308s
00:50:57 | INFO    | xtx.engine.trainer | E1/100 S1641/4244 | total=244.645 box=0.954 cls=2.713 kpt=19.516 vis=1.942 | lr=0.00129 | 36.2 img/s | ETA 2299s
00:51:05 | INFO    | xtx.engine.trainer | E1/100 S1651/4244 | total=242.375 box=0.913 cls=2.758 kpt=19.352 vis=1.919 | lr=0.00130 | 36.2 img/s | ETA 2290s
00:51:14 | INFO    | xtx.engine.trainer | E1/100 S1661/4244 | total=250.203 box=0.927 cls=2.698 kpt=20.001 vis=1.894 | lr=0.00130 | 36.2 img/s | ETA 2281s
00:51:23 | INFO    | xtx.engine.trainer | E1/100 S1671/4244 | total=248.188 box=0.912 cls=2.733 kpt=19.843 vis=1.870 | lr=0.00131 | 36.2 img/s | ETA 2272s
00:51:32 | INFO    | xtx.engine.trainer | E1/100 S1681/4244 | total=254.776 box=0.885 cls=2.674 kpt=20.409 vis=1.897 | lr=0.00132 | 36.2 img/s | ETA 2263s
00:51:40 | INFO    | xtx.engine.trainer | E1/100 S1691/4244 | total=247.581 box=0.884 cls=2.742 kpt=19.803 vis=1.941 | lr=0.00133 | 36.2 img/s | ETA 2254s
00:51:49 | INFO    | xtx.engine.trainer | E1/100 S1701/4244 | total=243.938 box=0.936 cls=2.700 kpt=19.477 vis=1.843 | lr=0.00134 | 36.2 img/s | ETA 2245s
00:51:50 | INFO    | xtx.engine.checkpoint | Saved checkpoint -> runs\xtx-n\last.pt
00:51:58 | INFO    | xtx.engine.trainer | E1/100 S1711/4244 | total=249.397 box=0.876 cls=2.792 kpt=19.965 vis=1.848 | lr=0.00134 | 36.2 img/s | ETA 2236s
00:52:06 | INFO    | xtx.engine.trainer | E1/100 S1721/4244 | total=251.069 box=0.910 cls=2.658 kpt=20.090 vis=1.834 | lr=0.00135 | 36.2 img/s | ETA 2227s
00:52:15 | INFO    | xtx.engine.trainer | E1/100 S1731/4244 | total=241.538 box=0.880 cls=2.669 kpt=19.313 vis=1.847 | lr=0.00136 | 36.3 img/s | ETA 2218s
00:52:24 | INFO    | xtx.engine.trainer | E1/100 S1741/4244 | total=247.525 box=0.847 cls=2.737 kpt=19.829 vis=1.854 | lr=0.00137 | 36.2 img/s | ETA 2210s
00:52:33 | INFO    | xtx.engine.trainer | E1/100 S1751/4244 | total=240.465 box=0.907 cls=2.677 kpt=19.209 vis=1.817 | lr=0.00137 | 36.3 img/s | ETA 2201s
00:52:42 | INFO    | xtx.engine.trainer | E1/100 S1761/4244 | total=239.502 box=0.835 cls=2.686 kpt=19.176 vis=1.789 | lr=0.00138 | 36.3 img/s | ETA 2192s
00:52:50 | INFO    | xtx.engine.trainer | E1/100 S1771/4244 | total=257.102 box=0.900 cls=2.731 kpt=20.591 vis=1.897 | lr=0.00139 | 36.3 img/s | ETA 2183s
00:52:59 | INFO    | xtx.engine.trainer | E1/100 S1781/4244 | total=236.935 box=0.876 cls=2.701 kpt=18.934 vis=1.803 | lr=0.00140 | 36.3 img/s | ETA 2174s
00:53:08 | INFO    | xtx.engine.trainer | E1/100 S1791/4244 | total=240.486 box=0.879 cls=2.757 kpt=19.222 vis=1.855 | lr=0.00141 | 36.3 img/s | ETA 2165s
00:53:16 | INFO    | xtx.engine.trainer | E1/100 S1801/4244 | total=248.772 box=0.874 cls=2.730 kpt=19.914 vis=1.878 | lr=0.00141 | 36.3 img/s | ETA 2156s
00:53:25 | INFO    | xtx.engine.trainer | E1/100 S1811/4244 | total=246.754 box=0.863 cls=2.644 kpt=19.761 vis=1.836 | lr=0.00142 | 36.3 img/s | ETA 2147s
00:53:33 | INFO    | xtx.engine.trainer | E1/100 S1821/4244 | total=259.973 box=0.886 cls=2.619 kpt=20.851 vis=1.804 | lr=0.00143 | 36.3 img/s | ETA 2137s
00:53:42 | INFO    | xtx.engine.trainer | E1/100 S1831/4244 | total=246.403 box=0.872 cls=2.753 kpt=19.717 vis=1.884 | lr=0.00144 | 36.3 img/s | ETA 2128s
00:53:51 | INFO    | xtx.engine.trainer | E1/100 S1841/4244 | total=243.555 box=0.846 cls=2.836 kpt=19.499 vis=1.808 | lr=0.00145 | 36.3 img/s | ETA 2119s
00:53:59 | INFO    | xtx.engine.trainer | E1/100 S1851/4244 | total=252.320 box=0.883 cls=2.653 kpt=20.212 vis=1.829 | lr=0.00145 | 36.3 img/s | ETA 2110s
00:54:08 | INFO    | xtx.engine.trainer | E1/100 S1861/4244 | total=237.302 box=0.822 cls=2.766 kpt=19.000 vis=1.757 | lr=0.00146 | 36.3 img/s | ETA 2101s
00:54:17 | INFO    | xtx.engine.trainer | E1/100 S1871/4244 | total=241.044 box=0.865 cls=2.583 kpt=19.284 vis=1.850 | lr=0.00147 | 36.3 img/s | ETA 2092s
00:54:26 | INFO    | xtx.engine.trainer | E1/100 S1881/4244 | total=245.657 box=0.849 cls=2.779 kpt=19.675 vis=1.792 | lr=0.00148 | 36.3 img/s | ETA 2084s
00:54:35 | INFO    | xtx.engine.trainer | E1/100 S1891/4244 | total=245.045 box=0.883 cls=2.594 kpt=19.609 vis=1.817 | lr=0.00148 | 36.3 img/s | ETA 2075s
00:54:43 | INFO    | xtx.engine.trainer | E1/100 S1901/4244 | total=238.137 box=0.868 cls=2.636 kpt=19.040 vis=1.837 | lr=0.00149 | 36.3 img/s | ETA 2066s
00:54:52 | INFO    | xtx.engine.trainer | E1/100 S1911/4244 | total=236.798 box=0.865 cls=2.660 kpt=18.931 vis=1.811 | lr=0.00150 | 36.3 img/s | ETA 2057s
00:55:01 | INFO    | xtx.engine.trainer | E1/100 S1921/4244 | total=241.502 box=0.852 cls=2.729 kpt=19.325 vis=1.844 | lr=0.00151 | 36.3 img/s | ETA 2048s
00:55:10 | INFO    | xtx.engine.trainer | E1/100 S1931/4244 | total=249.507 box=0.855 cls=2.670 kpt=19.991 vis=1.864 | lr=0.00152 | 36.3 img/s | ETA 2039s
00:55:18 | INFO    | xtx.engine.trainer | E1/100 S1941/4244 | total=239.673 box=0.787 cls=2.656 kpt=19.220 vis=1.811 | lr=0.00152 | 36.3 img/s | ETA 2030s
00:55:27 | INFO    | xtx.engine.trainer | E1/100 S1951/4244 | total=242.384 box=0.821 cls=2.711 kpt=19.422 vis=1.808 | lr=0.00153 | 36.3 img/s | ETA 2022s
00:55:36 | INFO    | xtx.engine.trainer | E1/100 S1961/4244 | total=243.738 box=0.812 cls=2.686 kpt=19.540 vis=1.827 | lr=0.00154 | 36.3 img/s | ETA 2013s
00:55:45 | INFO    | xtx.engine.trainer | E1/100 S1971/4244 | total=245.339 box=0.799 cls=2.633 kpt=19.691 vis=1.734 | lr=0.00155 | 36.3 img/s | ETA 2004s
00:55:53 | INFO    | xtx.engine.trainer | E1/100 S1981/4244 | total=244.506 box=0.801 cls=2.757 kpt=19.609 vis=1.819 | lr=0.00156 | 36.3 img/s | ETA 1995s
00:56:02 | INFO    | xtx.engine.trainer | E1/100 S1991/4244 | total=256.921 box=0.805 cls=2.714 kpt=20.642 vis=1.820 | lr=0.00156 | 36.3 img/s | ETA 1986s
00:56:11 | INFO    | xtx.engine.trainer | E1/100 S2001/4244 | total=246.066 box=0.851 cls=2.640 kpt=19.714 vis=1.798 | lr=0.00157 | 36.3 img/s | ETA 1977s
00:56:19 | INFO    | xtx.engine.trainer | E1/100 S2011/4244 | total=235.719 box=0.812 cls=2.604 kpt=18.881 vis=1.758 | lr=0.00158 | 36.3 img/s | ETA 1968s
00:56:28 | INFO    | xtx.engine.trainer | E1/100 S2021/4244 | total=248.735 box=0.807 cls=2.681 kpt=19.963 vis=1.780 | lr=0.00159 | 36.3 img/s | ETA 1959s
00:56:37 | INFO    | xtx.engine.trainer | E1/100 S2031/4244 | total=238.808 box=0.827 cls=2.688 kpt=19.126 vis=1.752 | lr=0.00159 | 36.3 img/s | ETA 1950s
00:56:46 | INFO    | xtx.engine.trainer | E1/100 S2041/4244 | total=243.163 box=0.819 cls=2.605 kpt=19.494 vis=1.792 | lr=0.00160 | 36.3 img/s | ETA 1941s
00:56:50 | INFO    | xtx.engine.checkpoint | Saved checkpoint -> runs\xtx-n\last.pt
00:56:55 | INFO    | xtx.engine.trainer | E1/100 S2051/4244 | total=243.720 box=0.827 cls=2.674 kpt=19.534 vis=1.771 | lr=0.00161 | 36.3 img/s | ETA 1933s
00:57:03 | INFO    | xtx.engine.trainer | E1/100 S2061/4244 | total=240.422 box=0.812 cls=2.721 kpt=19.271 vis=1.725 | lr=0.00162 | 36.3 img/s | ETA 1924s
00:57:12 | INFO    | xtx.engine.trainer | E1/100 S2071/4244 | total=247.809 box=0.817 cls=2.703 kpt=19.883 vis=1.731 | lr=0.00163 | 36.3 img/s | ETA 1915s
00:57:21 | INFO    | xtx.engine.trainer | E1/100 S2081/4244 | total=245.888 box=0.802 cls=2.748 kpt=19.722 vis=1.832 | lr=0.00163 | 36.3 img/s | ETA 1906s
00:57:30 | INFO    | xtx.engine.trainer | E1/100 S2091/4244 | total=241.813 box=0.819 cls=2.668 kpt=19.378 vis=1.805 | lr=0.00164 | 36.3 img/s | ETA 1898s
00:57:39 | INFO    | xtx.engine.trainer | E1/100 S2101/4244 | total=239.273 box=0.809 cls=2.601 kpt=19.180 vis=1.748 | lr=0.00165 | 36.3 img/s | ETA 1889s
00:57:48 | INFO    | xtx.engine.trainer | E1/100 S2111/4244 | total=233.185 box=0.862 cls=2.550 kpt=18.640 vis=1.763 | lr=0.00166 | 36.3 img/s | ETA 1880s
00:57:56 | INFO    | xtx.engine.trainer | E1/100 S2121/4244 | total=244.225 box=0.789 cls=2.747 kpt=19.599 vis=1.745 | lr=0.00167 | 36.3 img/s | ETA 1871s
00:58:05 | INFO    | xtx.engine.trainer | E1/100 S2131/4244 | total=237.782 box=0.813 cls=2.627 kpt=19.047 vis=1.803 | lr=0.00167 | 36.3 img/s | ETA 1862s
00:58:14 | INFO    | xtx.engine.trainer | E1/100 S2141/4244 | total=239.612 box=0.804 cls=2.633 kpt=19.207 vis=1.776 | lr=0.00168 | 36.3 img/s | ETA 1854s
00:58:23 | INFO    | xtx.engine.trainer | E1/100 S2151/4244 | total=244.932 box=0.819 cls=2.697 kpt=19.636 vis=1.807 | lr=0.00169 | 36.3 img/s | ETA 1845s
00:58:32 | INFO    | xtx.engine.trainer | E1/100 S2161/4244 | total=231.043 box=0.849 cls=2.606 kpt=18.470 vis=1.736 | lr=0.00170 | 36.3 img/s | ETA 1836s
00:58:41 | INFO    | xtx.engine.trainer | E1/100 S2171/4244 | total=244.147 box=0.807 cls=2.565 kpt=19.587 vis=1.768 | lr=0.00170 | 36.3 img/s | ETA 1827s
00:58:49 | INFO    | xtx.engine.trainer | E1/100 S2181/4244 | total=240.140 box=0.821 cls=2.714 kpt=19.237 vis=1.785 | lr=0.00171 | 36.3 img/s | ETA 1818s
00:58:58 | INFO    | xtx.engine.trainer | E1/100 S2191/4244 | total=239.795 box=0.812 cls=2.601 kpt=19.220 vis=1.767 | lr=0.00172 | 36.3 img/s | ETA 1809s
00:59:06 | INFO    | xtx.engine.trainer | E1/100 S2201/4244 | total=248.532 box=0.759 cls=2.804 kpt=19.973 vis=1.762 | lr=0.00173 | 36.3 img/s | ETA 1800s
00:59:15 | INFO    | xtx.engine.trainer | E1/100 S2211/4244 | total=237.846 box=0.805 cls=2.663 kpt=19.061 vis=1.746 | lr=0.00174 | 36.3 img/s | ETA 1791s
00:59:24 | INFO    | xtx.engine.trainer | E1/100 S2221/4244 | total=242.783 box=0.792 cls=2.665 kpt=19.475 vis=1.814 | lr=0.00174 | 36.3 img/s | ETA 1782s
00:59:32 | INFO    | xtx.engine.trainer | E1/100 S2231/4244 | total=236.153 box=0.787 cls=2.732 kpt=18.926 vis=1.777 | lr=0.00175 | 36.3 img/s | ETA 1773s
00:59:41 | INFO    | xtx.engine.trainer | E1/100 S2241/4244 | total=259.096 box=0.734 cls=2.727 kpt=20.874 vis=1.742 | lr=0.00176 | 36.3 img/s | ETA 1764s
00:59:49 | INFO    | xtx.engine.trainer | E1/100 S2251/4244 | total=245.292 box=0.786 cls=2.738 kpt=19.692 vis=1.719 | lr=0.00177 | 36.3 img/s | ETA 1755s
00:59:58 | INFO    | xtx.engine.trainer | E1/100 S2261/4244 | total=244.118 box=0.814 cls=2.717 kpt=19.571 vis=1.805 | lr=0.00178 | 36.3 img/s | ETA 1746s
01:00:07 | INFO    | xtx.engine.trainer | E1/100 S2271/4244 | total=236.852 box=0.799 cls=2.615 kpt=18.982 vis=1.764 | lr=0.00178 | 36.3 img/s | ETA 1737s
01:00:16 | INFO    | xtx.engine.trainer | E1/100 S2281/4244 | total=258.475 box=0.795 cls=2.628 kpt=20.778 vis=1.859 | lr=0.00179 | 36.3 img/s | ETA 1728s
01:00:24 | INFO    | xtx.engine.trainer | E1/100 S2291/4244 | total=240.724 box=0.809 cls=2.599 kpt=19.301 vis=1.742 | lr=0.00180 | 36.3 img/s | ETA 1720s
01:00:33 | INFO    | xtx.engine.trainer | E1/100 S2301/4244 | total=239.163 box=0.785 cls=2.653 kpt=19.180 vis=1.790 | lr=0.00181 | 36.3 img/s | ETA 1711s
01:00:42 | INFO    | xtx.engine.trainer | E1/100 S2311/4244 | total=245.634 box=0.782 cls=2.743 kpt=19.719 vis=1.767 | lr=0.00181 | 36.3 img/s | ETA 1702s
01:00:51 | INFO    | xtx.engine.trainer | E1/100 S2321/4244 | total=241.702 box=0.764 cls=2.725 kpt=19.406 vis=1.729 | lr=0.00182 | 36.3 img/s | ETA 1693s
01:01:00 | INFO    | xtx.engine.trainer | E1/100 S2331/4244 | total=242.035 box=0.792 cls=2.718 kpt=19.415 vis=1.757 | lr=0.00183 | 36.3 img/s | ETA 1684s
01:01:08 | INFO    | xtx.engine.trainer | E1/100 S2341/4244 | total=245.489 box=0.757 cls=2.677 kpt=19.730 vis=1.709 | lr=0.00184 | 36.3 img/s | ETA 1675s
01:01:17 | INFO    | xtx.engine.trainer | E1/100 S2351/4244 | total=229.872 box=0.811 cls=2.606 kpt=18.394 vis=1.759 | lr=0.00185 | 36.4 img/s | ETA 1666s
01:01:25 | INFO    | xtx.engine.trainer | E1/100 S2361/4244 | total=236.087 box=0.792 cls=2.590 kpt=18.924 vis=1.762 | lr=0.00185 | 36.4 img/s | ETA 1657s
01:01:34 | INFO    | xtx.engine.trainer | E1/100 S2371/4244 | total=240.272 box=0.812 cls=2.676 kpt=19.259 vis=1.732 | lr=0.00186 | 36.4 img/s | ETA 1648s
01:01:42 | INFO    | xtx.engine.trainer | E1/100 S2381/4244 | total=248.174 box=0.759 cls=2.790 kpt=19.942 vis=1.782 | lr=0.00187 | 36.4 img/s | ETA 1639s
01:01:51 | INFO    | xtx.engine.trainer | E1/100 S2391/4244 | total=240.668 box=0.753 cls=2.685 kpt=19.323 vis=1.798 | lr=0.00188 | 36.4 img/s | ETA 1631s
01:01:51 | INFO    | xtx.engine.checkpoint | Saved checkpoint -> runs\xtx-n\last.pt
01:02:00 | INFO    | xtx.engine.trainer | E1/100 S2401/4244 | total=238.877 box=0.743 cls=2.660 kpt=19.185 vis=1.751 | lr=0.00189 | 36.4 img/s | ETA 1622s
01:02:09 | INFO    | xtx.engine.trainer | E1/100 S2411/4244 | total=248.145 box=0.811 cls=2.688 kpt=19.908 vis=1.816 | lr=0.00189 | 36.4 img/s | ETA 1613s
01:02:18 | INFO    | xtx.engine.trainer | E1/100 S2421/4244 | total=247.700 box=0.737 cls=2.691 kpt=19.920 vis=1.791 | lr=0.00190 | 36.4 img/s | ETA 1604s
01:02:27 | INFO    | xtx.engine.trainer | E1/100 S2431/4244 | total=233.515 box=0.776 cls=2.696 kpt=18.716 vis=1.761 | lr=0.00191 | 36.4 img/s | ETA 1596s
01:02:35 | INFO    | xtx.engine.trainer | E1/100 S2441/4244 | total=242.830 box=0.764 cls=2.733 kpt=19.495 vis=1.793 | lr=0.00192 | 36.4 img/s | ETA 1587s
01:02:44 | INFO    | xtx.engine.trainer | E1/100 S2451/4244 | total=232.326 box=0.804 cls=2.621 kpt=18.603 vis=1.750 | lr=0.00192 | 36.4 img/s | ETA 1578s
01:02:53 | INFO    | xtx.engine.trainer | E1/100 S2461/4244 | total=243.168 box=0.746 cls=2.650 kpt=19.543 vis=1.725 | lr=0.00193 | 36.4 img/s | ETA 1569s
01:03:02 | INFO    | xtx.engine.trainer | E1/100 S2471/4244 | total=243.612 box=0.724 cls=2.695 kpt=19.599 vis=1.650 | lr=0.00194 | 36.3 img/s | ETA 1561s
01:03:12 | INFO    | xtx.engine.trainer | E1/100 S2481/4244 | total=238.302 box=0.798 cls=2.651 kpt=19.109 vis=1.686 | lr=0.00195 | 36.3 img/s | ETA 1552s
01:03:21 | INFO    | xtx.engine.trainer | E1/100 S2491/4244 | total=230.197 box=0.787 cls=2.651 kpt=18.436 vis=1.738 | lr=0.00196 | 36.3 img/s | ETA 1544s
01:03:30 | INFO    | xtx.engine.trainer | E1/100 S2501/4244 | total=237.425 box=0.803 cls=2.609 kpt=19.032 vis=1.712 | lr=0.00196 | 36.3 img/s | ETA 1535s
01:03:39 | INFO    | xtx.engine.trainer | E1/100 S2511/4244 | total=236.313 box=0.726 cls=2.702 kpt=18.981 vis=1.743 | lr=0.00197 | 36.3 img/s | ETA 1526s
01:03:48 | INFO    | xtx.engine.trainer | E1/100 S2521/4244 | total=242.463 box=0.715 cls=2.716 kpt=19.503 vis=1.707 | lr=0.00198 | 36.3 img/s | ETA 1518s
01:03:57 | INFO    | xtx.engine.trainer | E1/100 S2531/4244 | total=237.793 box=0.783 cls=2.632 kpt=19.069 vis=1.775 | lr=0.00199 | 36.3 img/s | ETA 1509s
01:04:06 | INFO    | xtx.engine.trainer | E1/100 S2541/4244 | total=235.800 box=0.734 cls=2.740 kpt=18.929 vis=1.769 | lr=0.00199 | 36.3 img/s | ETA 1500s
01:04:14 | INFO    | xtx.engine.trainer | E1/100 S2551/4244 | total=243.900 box=0.733 cls=2.771 kpt=19.609 vis=1.709 | lr=0.00200 | 36.3 img/s | ETA 1491s
01:04:23 | INFO    | xtx.engine.trainer | E1/100 S2561/4244 | total=238.579 box=0.770 cls=2.694 kpt=19.139 vis=1.786 | lr=0.00201 | 36.3 img/s | ETA 1483s
01:04:32 | INFO    | xtx.engine.trainer | E1/100 S2571/4244 | total=245.028 box=0.748 cls=2.631 kpt=19.695 vis=1.759 | lr=0.00202 | 36.3 img/s | ETA 1474s
01:04:41 | INFO    | xtx.engine.trainer | E1/100 S2581/4244 | total=232.087 box=0.747 cls=2.633 kpt=18.616 vis=1.776 | lr=0.00203 | 36.3 img/s | ETA 1465s
01:04:50 | INFO    | xtx.engine.trainer | E1/100 S2591/4244 | total=240.079 box=0.780 cls=2.660 kpt=19.266 vis=1.707 | lr=0.00203 | 36.3 img/s | ETA 1457s
01:05:00 | INFO    | xtx.engine.trainer | E1/100 S2601/4244 | total=232.073 box=0.820 cls=2.667 kpt=18.574 vis=1.702 | lr=0.00204 | 36.3 img/s | ETA 1448s
01:05:09 | INFO    | xtx.engine.trainer | E1/100 S2611/4244 | total=235.858 box=0.766 cls=2.661 kpt=18.921 vis=1.727 | lr=0.00205 | 36.3 img/s | ETA 1440s
01:05:17 | INFO    | xtx.engine.trainer | E1/100 S2621/4244 | total=237.467 box=0.746 cls=2.687 kpt=19.063 vis=1.767 | lr=0.00206 | 36.3 img/s | ETA 1431s
01:05:26 | INFO    | xtx.engine.trainer | E1/100 S2631/4244 | total=238.685 box=0.723 cls=2.680 kpt=19.186 vis=1.685 | lr=0.00207 | 36.3 img/s | ETA 1422s
01:05:35 | INFO    | xtx.engine.trainer | E1/100 S2641/4244 | total=245.840 box=0.759 cls=2.772 kpt=19.752 vis=1.740 | lr=0.00207 | 36.3 img/s | ETA 1413s
01:05:44 | INFO    | xtx.engine.trainer | E1/100 S2651/4244 | total=239.757 box=0.769 cls=2.649 kpt=19.247 vis=1.710 | lr=0.00208 | 36.3 img/s | ETA 1404s
01:05:53 | INFO    | xtx.engine.trainer | E1/100 S2661/4244 | total=241.387 box=0.793 cls=2.745 kpt=19.360 vis=1.746 | lr=0.00209 | 36.3 img/s | ETA 1395s
01:06:02 | INFO    | xtx.engine.trainer | E1/100 S2671/4244 | total=240.052 box=0.723 cls=2.713 kpt=19.295 vis=1.738 | lr=0.00210 | 36.3 img/s | ETA 1387s
01:06:11 | INFO    | xtx.engine.trainer | E1/100 S2681/4244 | total=222.972 box=0.800 cls=2.580 kpt=17.827 vis=1.753 | lr=0.00210 | 36.3 img/s | ETA 1378s
01:06:20 | INFO    | xtx.engine.trainer | E1/100 S2691/4244 | total=246.420 box=0.697 cls=2.779 kpt=19.842 vis=1.699 | lr=0.00211 | 36.3 img/s | ETA 1369s
01:06:29 | INFO    | xtx.engine.trainer | E1/100 S2701/4244 | total=239.682 box=0.755 cls=2.634 kpt=19.247 vis=1.733 | lr=0.00212 | 36.3 img/s | ETA 1361s
01:06:38 | INFO    | xtx.engine.trainer | E1/100 S2711/4244 | total=230.642 box=0.704 cls=2.683 kpt=18.528 vis=1.682 | lr=0.00213 | 36.3 img/s | ETA 1352s
01:06:47 | INFO    | xtx.engine.trainer | E1/100 S2721/4244 | total=242.100 box=0.704 cls=2.791 kpt=19.476 vis=1.711 | lr=0.00214 | 36.3 img/s | ETA 1343s
01:06:52 | INFO    | xtx.engine.checkpoint | Saved checkpoint -> runs\xtx-n\last.pt
01:06:56 | INFO    | xtx.engine.trainer | E1/100 S2731/4244 | total=231.902 box=0.719 cls=2.675 kpt=18.619 vis=1.737 | lr=0.00214 | 36.3 img/s | ETA 1335s
01:07:06 | INFO    | xtx.engine.trainer | E1/100 S2741/4244 | total=243.519 box=0.797 cls=2.693 kpt=19.531 vis=1.826 | lr=0.00215 | 36.3 img/s | ETA 1326s
01:07:15 | INFO    | xtx.engine.trainer | E1/100 S2751/4244 | total=236.700 box=0.751 cls=2.704 kpt=18.996 vis=1.763 | lr=0.00216 | 36.3 img/s | ETA 1318s
01:07:24 | INFO    | xtx.engine.trainer | E1/100 S2761/4244 | total=236.780 box=0.733 cls=2.647 kpt=19.021 vis=1.710 | lr=0.00217 | 36.3 img/s | ETA 1309s
01:07:33 | INFO    | xtx.engine.trainer | E1/100 S2771/4244 | total=234.418 box=0.775 cls=2.637 kpt=18.799 vis=1.697 | lr=0.00218 | 36.3 img/s | ETA 1300s
01:07:42 | INFO    | xtx.engine.trainer | E1/100 S2781/4244 | total=237.368 box=0.748 cls=2.698 kpt=19.053 vis=1.778 | lr=0.00218 | 36.3 img/s | ETA 1291s
01:07:51 | INFO    | xtx.engine.trainer | E1/100 S2791/4244 | total=240.686 box=0.752 cls=2.694 kpt=19.335 vis=1.686 | lr=0.00219 | 36.3 img/s | ETA 1283s
01:08:00 | INFO    | xtx.engine.trainer | E1/100 S2801/4244 | total=241.478 box=0.752 cls=2.706 kpt=19.400 vis=1.683 | lr=0.00220 | 36.2 img/s | ETA 1274s
01:08:09 | INFO    | xtx.engine.trainer | E1/100 S2811/4244 | total=236.861 box=0.741 cls=2.724 kpt=19.024 vis=1.652 | lr=0.00221 | 36.2 img/s | ETA 1265s
01:08:18 | INFO    | xtx.engine.trainer | E1/100 S2821/4244 | total=244.157 box=0.729 cls=2.759 kpt=19.631 vis=1.736 | lr=0.00221 | 36.2 img/s | ETA 1256s
01:08:27 | INFO    | xtx.engine.trainer | E1/100 S2831/4244 | total=240.746 box=0.766 cls=2.702 kpt=19.327 vis=1.721 | lr=0.00222 | 36.2 img/s | ETA 1248s
01:08:35 | INFO    | xtx.engine.trainer | E1/100 S2841/4244 | total=230.163 box=0.767 cls=2.623 kpt=18.450 vis=1.700 | lr=0.00223 | 36.2 img/s | ETA 1239s
01:08:45 | INFO    | xtx.engine.trainer | E1/100 S2851/4244 | total=238.808 box=0.736 cls=2.767 kpt=19.181 vis=1.733 | lr=0.00224 | 36.2 img/s | ETA 1230s
01:08:53 | INFO    | xtx.engine.trainer | E1/100 S2861/4244 | total=228.522 box=0.713 cls=2.606 kpt=18.349 vis=1.683 | lr=0.00225 | 36.2 img/s | ETA 1221s
01:09:03 | INFO    | xtx.engine.trainer | E1/100 S2871/4244 | total=239.922 box=0.734 cls=2.712 kpt=19.280 vis=1.706 | lr=0.00225 | 36.2 img/s | ETA 1213s
01:09:12 | INFO    | xtx.engine.trainer | E1/100 S2881/4244 | total=229.376 box=0.717 cls=2.645 kpt=18.417 vis=1.672 | lr=0.00226 | 36.2 img/s | ETA 1204s
01:09:21 | INFO    | xtx.engine.trainer | E1/100 S2891/4244 | total=246.883 box=0.724 cls=2.695 kpt=19.863 vis=1.748 | lr=0.00227 | 36.2 img/s | ETA 1195s
01:09:30 | INFO    | xtx.engine.trainer | E1/100 S2901/4244 | total=235.763 box=0.705 cls=2.746 kpt=18.956 vis=1.627 | lr=0.00228 | 36.2 img/s | ETA 1186s
01:09:39 | INFO    | xtx.engine.trainer | E1/100 S2911/4244 | total=239.136 box=0.761 cls=2.677 kpt=19.194 vis=1.755 | lr=0.00229 | 36.2 img/s | ETA 1178s
01:09:48 | INFO    | xtx.engine.trainer | E1/100 S2921/4244 | total=246.035 box=0.717 cls=2.759 kpt=19.796 vis=1.724 | lr=0.00229 | 36.2 img/s | ETA 1169s
01:09:57 | INFO    | xtx.engine.trainer | E1/100 S2931/4244 | total=237.794 box=0.727 cls=2.726 kpt=19.107 vis=1.693 | lr=0.00230 | 36.2 img/s | ETA 1160s
01:10:06 | INFO    | xtx.engine.trainer | E1/100 S2941/4244 | total=239.494 box=0.729 cls=2.640 kpt=19.251 vis=1.700 | lr=0.00231 | 36.2 img/s | ETA 1151s
01:10:15 | INFO    | xtx.engine.trainer | E1/100 S2951/4244 | total=237.142 box=0.700 cls=2.701 kpt=19.068 vis=1.727 | lr=0.00232 | 36.2 img/s | ETA 1143s
01:10:24 | INFO    | xtx.engine.trainer | E1/100 S2961/4244 | total=234.443 box=0.727 cls=2.690 kpt=18.828 vis=1.711 | lr=0.00232 | 36.2 img/s | ETA 1134s
01:10:33 | INFO    | xtx.engine.trainer | E1/100 S2971/4244 | total=234.001 box=0.710 cls=2.658 kpt=18.812 vis=1.601 | lr=0.00233 | 36.2 img/s | ETA 1125s
01:10:42 | INFO    | xtx.engine.trainer | E1/100 S2981/4244 | total=234.695 box=0.764 cls=2.662 kpt=18.826 vis=1.726 | lr=0.00234 | 36.2 img/s | ETA 1116s
01:10:51 | INFO    | xtx.engine.trainer | E1/100 S2991/4244 | total=252.457 box=0.709 cls=2.670 kpt=20.344 vis=1.671 | lr=0.00235 | 36.2 img/s | ETA 1108s
01:11:00 | INFO    | xtx.engine.trainer | E1/100 S3001/4244 | total=239.607 box=0.740 cls=2.736 kpt=19.246 vis=1.732 | lr=0.00236 | 36.2 img/s | ETA 1099s
01:11:09 | INFO    | xtx.engine.trainer | E1/100 S3011/4244 | total=226.600 box=0.685 cls=2.669 kpt=18.206 vis=1.660 | lr=0.00236 | 36.2 img/s | ETA 1090s
01:11:18 | INFO    | xtx.engine.trainer | E1/100 S3021/4244 | total=243.504 box=0.690 cls=2.733 kpt=19.608 vis=1.659 | lr=0.00237 | 36.2 img/s | ETA 1081s
01:11:27 | INFO    | xtx.engine.trainer | E1/100 S3031/4244 | total=233.720 box=0.683 cls=2.635 kpt=18.796 vis=1.733 | lr=0.00238 | 36.2 img/s | ETA 1072s
01:11:35 | INFO    | xtx.engine.trainer | E1/100 S3041/4244 | total=234.371 box=0.737 cls=2.640 kpt=18.815 vis=1.737 | lr=0.00239 | 36.2 img/s | ETA 1063s
01:11:44 | INFO    | xtx.engine.trainer | E1/100 S3051/4244 | total=238.031 box=0.667 cls=2.721 kpt=19.165 vis=1.689 | lr=0.00240 | 36.2 img/s | ETA 1055s
01:11:52 | INFO    | xtx.engine.checkpoint | Saved checkpoint -> runs\xtx-n\last.pt
01:11:53 | INFO    | xtx.engine.trainer | E1/100 S3061/4244 | total=244.737 box=0.651 cls=2.747 kpt=19.732 vis=1.706 | lr=0.00240 | 36.2 img/s | ETA 1046s
01:12:02 | INFO    | xtx.engine.trainer | E1/100 S3071/4244 | total=231.896 box=0.709 cls=2.708 kpt=18.629 vis=1.678 | lr=0.00241 | 36.2 img/s | ETA 1037s
01:12:11 | INFO    | xtx.engine.trainer | E1/100 S3081/4244 | total=246.538 box=0.746 cls=2.655 kpt=19.825 vis=1.714 | lr=0.00242 | 36.2 img/s | ETA 1028s
01:12:20 | INFO    | xtx.engine.trainer | E1/100 S3091/4244 | total=234.189 box=0.664 cls=2.763 kpt=18.851 vis=1.620 | lr=0.00243 | 36.2 img/s | ETA 1020s
01:12:29 | INFO    | xtx.engine.trainer | E1/100 S3101/4244 | total=242.011 box=0.704 cls=2.677 kpt=19.472 vis=1.723 | lr=0.00243 | 36.2 img/s | ETA 1011s
01:12:39 | INFO    | xtx.engine.trainer | E1/100 S3111/4244 | total=236.712 box=0.721 cls=2.650 kpt=19.024 vis=1.686 | lr=0.00244 | 36.2 img/s | ETA 1002s
01:12:47 | INFO    | xtx.engine.trainer | E1/100 S3121/4244 | total=225.655 box=0.681 cls=2.658 kpt=18.129 vis=1.674 | lr=0.00245 | 36.2 img/s | ETA 993s
01:12:57 | INFO    | xtx.engine.trainer | E1/100 S3131/4244 | total=237.572 box=0.682 cls=2.712 kpt=19.120 vis=1.658 | lr=0.00246 | 36.2 img/s | ETA 985s
01:13:06 | INFO    | xtx.engine.trainer | E1/100 S3141/4244 | total=240.599 box=0.718 cls=2.701 kpt=19.346 vis=1.713 | lr=0.00247 | 36.2 img/s | ETA 976s
01:13:15 | INFO    | xtx.engine.trainer | E1/100 S3151/4244 | total=224.950 box=0.700 cls=2.733 kpt=18.059 vis=1.616 | lr=0.00247 | 36.2 img/s | ETA 967s
01:13:24 | INFO    | xtx.engine.trainer | E1/100 S3161/4244 | total=242.496 box=0.722 cls=2.602 kpt=19.507 vis=1.697 | lr=0.00248 | 36.2 img/s | ETA 958s
01:13:32 | INFO    | xtx.engine.trainer | E1/100 S3171/4244 | total=235.700 box=0.693 cls=2.761 kpt=18.951 vis=1.712 | lr=0.00249 | 36.2 img/s | ETA 949s
01:13:42 | INFO    | xtx.engine.trainer | E1/100 S3181/4244 | total=241.999 box=0.707 cls=2.685 kpt=19.477 vis=1.621 | lr=0.00250 | 36.2 img/s | ETA 941s
01:13:50 | INFO    | xtx.engine.trainer | E1/100 S3191/4244 | total=242.063 box=0.728 cls=2.689 kpt=19.463 vis=1.708 | lr=0.00251 | 36.2 img/s | ETA 932s
01:13:59 | INFO    | xtx.engine.trainer | E1/100 S3201/4244 | total=238.814 box=0.691 cls=2.726 kpt=19.218 vis=1.652 | lr=0.00251 | 36.2 img/s | ETA 923s
01:14:08 | INFO    | xtx.engine.trainer | E1/100 S3211/4244 | total=235.966 box=0.696 cls=2.691 kpt=18.977 vis=1.673 | lr=0.00252 | 36.2 img/s | ETA 914s
01:14:17 | INFO    | xtx.engine.trainer | E1/100 S3221/4244 | total=230.559 box=0.711 cls=2.648 kpt=18.523 vis=1.632 | lr=0.00253 | 36.2 img/s | ETA 905s
01:14:26 | INFO    | xtx.engine.trainer | E1/100 S3231/4244 | total=256.087 box=0.725 cls=2.809 kpt=20.617 vis=1.844 | lr=0.00254 | 36.2 img/s | ETA 896s
01:14:35 | INFO    | xtx.engine.trainer | E1/100 S3241/4244 | total=234.339 box=0.673 cls=2.792 kpt=18.851 vis=1.683 | lr=0.00254 | 36.2 img/s | ETA 888s
01:14:44 | INFO    | xtx.engine.trainer | E1/100 S3251/4244 | total=247.277 box=0.712 cls=2.714 kpt=19.902 vis=1.754 | lr=0.00255 | 36.2 img/s | ETA 879s
01:14:53 | INFO    | xtx.engine.trainer | E1/100 S3261/4244 | total=229.901 box=0.703 cls=2.734 kpt=18.469 vis=1.631 | lr=0.00256 | 36.2 img/s | ETA 870s
01:15:02 | INFO    | xtx.engine.trainer | E1/100 S3271/4244 | total=248.532 box=0.674 cls=2.723 kpt=20.038 vis=1.666 | lr=0.00257 | 36.2 img/s | ETA 861s
01:15:11 | INFO    | xtx.engine.trainer | E1/100 S3281/4244 | total=236.687 box=0.691 cls=2.633 kpt=19.042 vis=1.678 | lr=0.00258 | 36.2 img/s | ETA 852s
01:15:20 | INFO    | xtx.engine.trainer | E1/100 S3291/4244 | total=232.641 box=0.690 cls=2.750 kpt=18.699 vis=1.697 | lr=0.00258 | 36.2 img/s | ETA 843s
01:15:29 | INFO    | xtx.engine.trainer | E1/100 S3301/4244 | total=234.500 box=0.732 cls=2.689 kpt=18.831 vis=1.696 | lr=0.00259 | 36.2 img/s | ETA 835s
01:15:38 | INFO    | xtx.engine.trainer | E1/100 S3311/4244 | total=234.585 box=0.717 cls=2.755 kpt=18.847 vis=1.671 | lr=0.00260 | 36.2 img/s | ETA 826s
01:15:47 | INFO    | xtx.engine.trainer | E1/100 S3321/4244 | total=240.153 box=0.716 cls=2.684 kpt=19.310 vis=1.716 | lr=0.00261 | 36.2 img/s | ETA 817s
01:15:56 | INFO    | xtx.engine.trainer | E1/100 S3331/4244 | total=234.772 box=0.679 cls=2.746 kpt=18.886 vis=1.674 | lr=0.00262 | 36.1 img/s | ETA 808s
01:16:05 | INFO    | xtx.engine.trainer | E1/100 S3341/4244 | total=238.567 box=0.691 cls=2.763 kpt=19.195 vis=1.663 | lr=0.00262 | 36.1 img/s | ETA 799s
01:16:14 | INFO    | xtx.engine.trainer | E1/100 S3351/4244 | total=232.397 box=0.688 cls=2.788 kpt=18.683 vis=1.653 | lr=0.00263 | 36.1 img/s | ETA 791s
01:16:23 | INFO    | xtx.engine.trainer | E1/100 S3361/4244 | total=241.059 box=0.665 cls=2.764 kpt=19.418 vis=1.666 | lr=0.00264 | 36.1 img/s | ETA 782s
01:16:32 | INFO    | xtx.engine.trainer | E1/100 S3371/4244 | total=237.847 box=0.712 cls=2.685 kpt=19.128 vis=1.636 | lr=0.00265 | 36.1 img/s | ETA 773s
01:16:41 | INFO    | xtx.engine.trainer | E1/100 S3381/4244 | total=234.424 box=0.695 cls=2.714 kpt=18.844 vis=1.727 | lr=0.00265 | 36.1 img/s | ETA 764s
01:16:50 | INFO    | xtx.engine.trainer | E1/100 S3391/4244 | total=239.136 box=0.702 cls=2.661 kpt=19.244 vis=1.617 | lr=0.00266 | 36.1 img/s | ETA 755s
01:16:53 | INFO    | xtx.engine.checkpoint | Saved checkpoint -> runs\xtx-n\last.pt
01:16:59 | INFO    | xtx.engine.trainer | E1/100 S3401/4244 | total=237.052 box=0.700 cls=2.724 kpt=19.063 vis=1.678 | lr=0.00267 | 36.1 img/s | ETA 747s
01:17:08 | INFO    | xtx.engine.trainer | E1/100 S3411/4244 | total=243.160 box=0.623 cls=2.840 kpt=19.620 vis=1.618 | lr=0.00268 | 36.1 img/s | ETA 738s
01:17:18 | INFO    | xtx.engine.trainer | E1/100 S3421/4244 | total=234.586 box=0.667 cls=2.675 kpt=18.883 vis=1.645 | lr=0.00269 | 36.1 img/s | ETA 729s
01:17:27 | INFO    | xtx.engine.trainer | E1/100 S3431/4244 | total=231.965 box=0.674 cls=2.752 kpt=18.658 vis=1.637 | lr=0.00269 | 36.1 img/s | ETA 720s
01:17:36 | INFO    | xtx.engine.trainer | E1/100 S3441/4244 | total=254.234 box=0.690 cls=2.665 kpt=20.505 vis=1.667 | lr=0.00270 | 36.1 img/s | ETA 711s
01:17:45 | INFO    | xtx.engine.trainer | E1/100 S3451/4244 | total=224.103 box=0.744 cls=2.690 kpt=17.958 vis=1.681 | lr=0.00271 | 36.1 img/s | ETA 703s
01:17:54 | INFO    | xtx.engine.trainer | E1/100 S3461/4244 | total=249.715 box=0.712 cls=2.759 kpt=20.107 vis=1.709 | lr=0.00272 | 36.1 img/s | ETA 694s
01:18:03 | INFO    | xtx.engine.trainer | E1/100 S3471/4244 | total=234.118 box=0.722 cls=2.773 kpt=18.808 vis=1.622 | lr=0.00273 | 36.1 img/s | ETA 685s
01:18:12 | INFO    | xtx.engine.trainer | E1/100 S3481/4244 | total=233.350 box=0.648 cls=2.779 kpt=18.789 vis=1.627 | lr=0.00273 | 36.1 img/s | ETA 676s
01:18:21 | INFO    | xtx.engine.trainer | E1/100 S3491/4244 | total=262.804 box=0.657 cls=2.669 kpt=21.242 vis=1.644 | lr=0.00274 | 36.1 img/s | ETA 667s
01:18:30 | INFO    | xtx.engine.trainer | E1/100 S3501/4244 | total=238.957 box=0.661 cls=2.787 kpt=19.250 vis=1.605 | lr=0.00275 | 36.1 img/s | ETA 659s
01:18:39 | INFO    | xtx.engine.trainer | E1/100 S3511/4244 | total=246.276 box=0.676 cls=2.704 kpt=19.843 vis=1.740 | lr=0.00276 | 36.1 img/s | ETA 650s
01:18:49 | INFO    | xtx.engine.trainer | E1/100 S3521/4244 | total=226.500 box=0.653 cls=2.701 kpt=18.210 vis=1.729 | lr=0.00276 | 36.1 img/s | ETA 641s
01:18:58 | INFO    | xtx.engine.trainer | E1/100 S3531/4244 | total=241.309 box=0.660 cls=2.730 kpt=19.443 vis=1.683 | lr=0.00277 | 36.1 img/s | ETA 632s
01:19:07 | INFO    | xtx.engine.trainer | E1/100 S3541/4244 | total=235.918 box=0.710 cls=2.732 kpt=18.964 vis=1.661 | lr=0.00278 | 36.1 img/s | ETA 623s
01:19:16 | INFO    | xtx.engine.trainer | E1/100 S3551/4244 | total=231.605 box=0.682 cls=2.723 kpt=18.624 vis=1.632 | lr=0.00279 | 36.1 img/s | ETA 614s
01:19:25 | INFO    | xtx.engine.trainer | E1/100 S3561/4244 | total=235.574 box=0.722 cls=2.642 kpt=18.927 vis=1.717 | lr=0.00280 | 36.1 img/s | ETA 606s
01:19:34 | INFO    | xtx.engine.trainer | E1/100 S3571/4244 | total=227.239 box=0.735 cls=2.653 kpt=18.223 vis=1.722 | lr=0.00280 | 36.1 img/s | ETA 597s
01:19:43 | INFO    | xtx.engine.trainer | E1/100 S3581/4244 | total=236.047 box=0.670 cls=2.735 kpt=19.002 vis=1.630 | lr=0.00281 | 36.1 img/s | ETA 588s
01:19:52 | INFO    | xtx.engine.trainer | E1/100 S3591/4244 | total=234.595 box=0.676 cls=2.667 kpt=18.880 vis=1.635 | lr=0.00282 | 36.1 img/s | ETA 579s
01:20:01 | INFO    | xtx.engine.trainer | E1/100 S3601/4244 | total=229.081 box=0.718 cls=2.664 kpt=18.392 vis=1.658 | lr=0.00283 | 36.1 img/s | ETA 570s
01:20:10 | INFO    | xtx.engine.trainer | E1/100 S3611/4244 | total=235.076 box=0.695 cls=2.722 kpt=18.904 vis=1.653 | lr=0.00284 | 36.1 img/s | ETA 561s
01:20:19 | INFO    | xtx.engine.trainer | E1/100 S3621/4244 | total=228.891 box=0.670 cls=2.635 kpt=18.410 vis=1.632 | lr=0.00284 | 36.1 img/s | ETA 553s
01:20:28 | INFO    | xtx.engine.trainer | E1/100 S3631/4244 | total=223.820 box=0.717 cls=2.669 kpt=17.948 vis=1.725 | lr=0.00285 | 36.1 img/s | ETA 544s
01:20:37 | INFO    | xtx.engine.trainer | E1/100 S3641/4244 | total=243.755 box=0.721 cls=2.770 kpt=19.604 vis=1.715 | lr=0.00286 | 36.1 img/s | ETA 535s
01:20:46 | INFO    | xtx.engine.trainer | E1/100 S3651/4244 | total=231.615 box=0.742 cls=2.686 kpt=18.589 vis=1.633 | lr=0.00287 | 36.1 img/s | ETA 526s
01:20:55 | INFO    | xtx.engine.trainer | E1/100 S3661/4244 | total=249.414 box=0.666 cls=2.800 kpt=20.110 vis=1.708 | lr=0.00287 | 36.1 img/s | ETA 517s
01:21:04 | INFO    | xtx.engine.trainer | E1/100 S3671/4244 | total=224.297 box=0.728 cls=2.704 kpt=17.985 vis=1.673 | lr=0.00288 | 36.1 img/s | ETA 508s
01:21:13 | INFO    | xtx.engine.trainer | E1/100 S3681/4244 | total=236.653 box=0.654 cls=2.872 kpt=19.054 vis=1.663 | lr=0.00289 | 36.1 img/s | ETA 500s
01:21:22 | INFO    | xtx.engine.trainer | E1/100 S3691/4244 | total=252.648 box=0.676 cls=2.701 kpt=20.383 vis=1.639 | lr=0.00290 | 36.1 img/s | ETA 491s
01:21:31 | INFO    | xtx.engine.trainer | E1/100 S3701/4244 | total=227.613 box=0.674 cls=2.657 kpt=18.300 vis=1.623 | lr=0.00291 | 36.1 img/s | ETA 482s
01:21:40 | INFO    | xtx.engine.trainer | E1/100 S3711/4244 | total=224.694 box=0.649 cls=2.709 kpt=18.065 vis=1.686 | lr=0.00291 | 36.1 img/s | ETA 473s
01:21:49 | INFO    | xtx.engine.trainer | E1/100 S3721/4244 | total=234.275 box=0.700 cls=2.610 kpt=18.840 vis=1.634 | lr=0.00292 | 36.1 img/s | ETA 464s
01:21:53 | INFO    | xtx.engine.checkpoint | Saved checkpoint -> runs\xtx-n\last.pt
01:21:58 | INFO    | xtx.engine.trainer | E1/100 S3731/4244 | total=224.258 box=0.670 cls=2.707 kpt=18.020 vis=1.641 | lr=0.00293 | 36.1 img/s | ETA 455s
01:22:07 | INFO    | xtx.engine.trainer | E1/100 S3741/4244 | total=234.223 box=0.683 cls=2.639 kpt=18.842 vis=1.683 | lr=0.00294 | 36.1 img/s | ETA 446s
01:22:16 | INFO    | xtx.engine.trainer | E1/100 S3751/4244 | total=233.255 box=0.723 cls=2.682 kpt=18.736 vis=1.659 | lr=0.00295 | 36.1 img/s | ETA 438s
01:22:25 | INFO    | xtx.engine.trainer | E1/100 S3761/4244 | total=246.211 box=0.669 cls=2.773 kpt=19.844 vis=1.684 | lr=0.00295 | 36.1 img/s | ETA 429s
01:22:34 | INFO    | xtx.engine.trainer | E1/100 S3771/4244 | total=226.901 box=0.687 cls=2.694 kpt=18.227 vis=1.676 | lr=0.00296 | 36.1 img/s | ETA 420s
01:22:43 | INFO    | xtx.engine.trainer | E1/100 S3781/4244 | total=241.056 box=0.696 cls=2.754 kpt=19.401 vis=1.652 | lr=0.00297 | 36.1 img/s | ETA 411s
01:22:52 | INFO    | xtx.engine.trainer | E1/100 S3791/4244 | total=233.500 box=0.687 cls=2.640 kpt=18.781 vis=1.651 | lr=0.00298 | 36.1 img/s | ETA 402s
01:23:01 | INFO    | xtx.engine.trainer | E1/100 S3801/4244 | total=231.566 box=0.672 cls=2.746 kpt=18.623 vis=1.669 | lr=0.00298 | 36.1 img/s | ETA 393s
01:23:10 | INFO    | xtx.engine.trainer | E1/100 S3811/4244 | total=255.441 box=0.673 cls=2.755 kpt=20.607 vis=1.727 | lr=0.00299 | 36.0 img/s | ETA 384s
01:23:20 | INFO    | xtx.engine.trainer | E1/100 S3821/4244 | total=234.541 box=0.668 cls=2.722 kpt=18.877 vis=1.642 | lr=0.00300 | 36.0 img/s | ETA 376s
01:23:29 | INFO    | xtx.engine.trainer | E1/100 S3831/4244 | total=230.956 box=0.712 cls=2.721 kpt=18.551 vis=1.649 | lr=0.00301 | 36.0 img/s | ETA 367s
01:23:38 | INFO    | xtx.engine.trainer | E1/100 S3841/4244 | total=248.415 box=0.684 cls=2.675 kpt=20.026 vis=1.629 | lr=0.00302 | 36.0 img/s | ETA 358s
01:23:47 | INFO    | xtx.engine.trainer | E1/100 S3851/4244 | total=234.594 box=0.733 cls=2.652 kpt=18.840 vis=1.688 | lr=0.00302 | 36.0 img/s | ETA 349s
01:23:57 | INFO    | xtx.engine.trainer | E1/100 S3861/4244 | total=238.392 box=0.663 cls=2.679 kpt=19.206 vis=1.615 | lr=0.00303 | 36.0 img/s | ETA 340s
01:24:06 | INFO    | xtx.engine.trainer | E1/100 S3871/4244 | total=246.543 box=0.683 cls=2.806 kpt=19.869 vis=1.592 | lr=0.00304 | 36.0 img/s | ETA 331s
01:24:15 | INFO    | xtx.engine.trainer | E1/100 S3881/4244 | total=224.753 box=0.704 cls=2.651 kpt=18.044 vis=1.619 | lr=0.00305 | 36.0 img/s | ETA 323s
01:24:24 | INFO    | xtx.engine.trainer | E1/100 S3891/4244 | total=242.193 box=0.683 cls=2.676 kpt=19.502 vis=1.706 | lr=0.00306 | 36.0 img/s | ETA 314s
01:24:34 | INFO    | xtx.engine.trainer | E1/100 S3901/4244 | total=230.106 box=0.660 cls=2.713 kpt=18.511 vis=1.665 | lr=0.00306 | 36.0 img/s | ETA 305s
01:24:43 | INFO    | xtx.engine.trainer | E1/100 S3911/4244 | total=249.185 box=0.681 cls=2.823 kpt=20.091 vis=1.572 | lr=0.00307 | 36.0 img/s | ETA 296s
01:24:52 | INFO    | xtx.engine.trainer | E1/100 S3921/4244 | total=236.875 box=0.638 cls=2.740 kpt=19.090 vis=1.645 | lr=0.00308 | 36.0 img/s | ETA 287s
01:25:01 | INFO    | xtx.engine.trainer | E1/100 S3931/4244 | total=232.301 box=0.673 cls=2.774 kpt=18.686 vis=1.635 | lr=0.00309 | 36.0 img/s | ETA 278s
01:25:11 | INFO    | xtx.engine.trainer | E1/100 S3941/4244 | total=244.773 box=0.627 cls=2.842 kpt=19.753 vis=1.611 | lr=0.00309 | 36.0 img/s | ETA 269s
01:25:20 | INFO    | xtx.engine.trainer | E1/100 S3951/4244 | total=237.989 box=0.628 cls=2.762 kpt=19.187 vis=1.652 | lr=0.00310 | 36.0 img/s | ETA 260s
01:25:29 | INFO    | xtx.engine.trainer | E1/100 S3961/4244 | total=228.633 box=0.670 cls=2.645 kpt=18.384 vis=1.673 | lr=0.00311 | 36.0 img/s | ETA 252s
01:25:38 | INFO    | xtx.engine.trainer | E1/100 S3971/4244 | total=229.775 box=0.715 cls=2.695 kpt=18.443 vis=1.742 | lr=0.00312 | 36.0 img/s | ETA 243s
01:25:48 | INFO    | xtx.engine.trainer | E1/100 S3981/4244 | total=239.309 box=0.648 cls=2.740 kpt=19.286 vis=1.642 | lr=0.00313 | 36.0 img/s | ETA 234s
01:25:57 | INFO    | xtx.engine.trainer | E1/100 S3991/4244 | total=223.862 box=0.606 cls=2.752 kpt=18.035 vis=1.523 | lr=0.00313 | 36.0 img/s | ETA 225s
01:26:06 | INFO    | xtx.engine.trainer | E1/100 S4001/4244 | total=236.732 box=0.669 cls=2.720 kpt=19.058 vis=1.658 | lr=0.00314 | 36.0 img/s | ETA 216s
01:26:15 | INFO    | xtx.engine.trainer | E1/100 S4011/4244 | total=227.085 box=0.674 cls=2.686 kpt=18.256 vis=1.615 | lr=0.00315 | 36.0 img/s | ETA 207s
01:26:25 | INFO    | xtx.engine.trainer | E1/100 S4021/4244 | total=243.568 box=0.686 cls=2.638 kpt=19.619 vis=1.674 | lr=0.00316 | 36.0 img/s | ETA 198s
01:26:34 | INFO    | xtx.engine.trainer | E1/100 S4031/4244 | total=229.466 box=0.678 cls=2.692 kpt=18.450 vis=1.640 | lr=0.00317 | 36.0 img/s | ETA 190s
01:26:43 | INFO    | xtx.engine.trainer | E1/100 S4041/4244 | total=241.618 box=0.655 cls=2.715 kpt=19.473 vis=1.675 | lr=0.00317 | 36.0 img/s | ETA 181s
01:26:52 | INFO    | xtx.engine.trainer | E1/100 S4051/4244 | total=231.921 box=0.682 cls=2.725 kpt=18.652 vis=1.625 | lr=0.00318 | 36.0 img/s | ETA 172s
01:26:53 | INFO    | xtx.engine.checkpoint | Saved checkpoint -> runs\xtx-n\last.pt
01:27:02 | INFO    | xtx.engine.trainer | E1/100 S4061/4244 | total=234.355 box=0.667 cls=2.668 kpt=18.864 vis=1.654 | lr=0.00319 | 36.0 img/s | ETA 163s
01:27:11 | INFO    | xtx.engine.trainer | E1/100 S4071/4244 | total=236.662 box=0.648 cls=2.758 kpt=19.059 vis=1.710 | lr=0.00320 | 35.9 img/s | ETA 154s
01:27:21 | INFO    | xtx.engine.trainer | E1/100 S4081/4244 | total=241.545 box=0.624 cls=2.778 kpt=19.488 vis=1.619 | lr=0.00320 | 35.9 img/s | ETA 145s
01:27:30 | INFO    | xtx.engine.trainer | E1/100 S4091/4244 | total=225.165 box=0.668 cls=2.669 kpt=18.098 vis=1.641 | lr=0.00321 | 35.9 img/s | ETA 136s
01:27:39 | INFO    | xtx.engine.trainer | E1/100 S4101/4244 | total=243.491 box=0.646 cls=2.787 kpt=19.632 vis=1.673 | lr=0.00322 | 35.9 img/s | ETA 127s
01:27:48 | INFO    | xtx.engine.trainer | E1/100 S4111/4244 | total=223.652 box=0.646 cls=2.664 kpt=17.991 vis=1.588 | lr=0.00323 | 35.9 img/s | ETA 118s
01:27:57 | INFO    | xtx.engine.trainer | E1/100 S4121/4244 | total=237.265 box=0.627 cls=2.737 kpt=19.131 vis=1.624 | lr=0.00324 | 35.9 img/s | ETA 110s
01:28:07 | INFO    | xtx.engine.trainer | E1/100 S4131/4244 | total=238.171 box=0.618 cls=2.834 kpt=19.208 vis=1.616 | lr=0.00324 | 35.9 img/s | ETA 101s
01:28:16 | INFO    | xtx.engine.trainer | E1/100 S4141/4244 | total=241.533 box=0.668 cls=2.731 kpt=19.457 vis=1.668 | lr=0.00325 | 35.9 img/s | ETA 92s
01:28:25 | INFO    | xtx.engine.trainer | E1/100 S4151/4244 | total=230.745 box=0.663 cls=2.733 kpt=18.563 vis=1.648 | lr=0.00326 | 35.9 img/s | ETA 83s
01:28:34 | INFO    | xtx.engine.trainer | E1/100 S4161/4244 | total=234.492 box=0.639 cls=2.626 kpt=18.898 vis=1.609 | lr=0.00327 | 35.9 img/s | ETA 74s
01:28:44 | INFO    | xtx.engine.trainer | E1/100 S4171/4244 | total=218.725 box=0.680 cls=2.656 kpt=17.554 vis=1.650 | lr=0.00328 | 35.9 img/s | ETA 65s
01:28:53 | INFO    | xtx.engine.trainer | E1/100 S4181/4244 | total=253.952 box=0.699 cls=2.626 kpt=20.485 vis=1.579 | lr=0.00328 | 35.9 img/s | ETA 56s
01:29:02 | INFO    | xtx.engine.trainer | E1/100 S4191/4244 | total=224.497 box=0.678 cls=2.614 kpt=18.042 vis=1.608 | lr=0.00329 | 35.9 img/s | ETA 47s
01:29:11 | INFO    | xtx.engine.trainer | E1/100 S4201/4244 | total=249.122 box=0.659 cls=2.704 kpt=20.097 vis=1.670 | lr=0.00330 | 35.9 img/s | ETA 38s
01:29:20 | INFO    | xtx.engine.trainer | E1/100 S4211/4244 | total=227.632 box=0.645 cls=2.663 kpt=18.321 vis=1.613 | lr=0.00331 | 35.9 img/s | ETA 29s
01:29:30 | INFO    | xtx.engine.trainer | E1/100 S4221/4244 | total=236.643 box=0.688 cls=2.734 kpt=19.040 vis=1.638 | lr=0.00331 | 35.9 img/s | ETA 21s
01:29:39 | INFO    | xtx.engine.trainer | E1/100 S4231/4244 | total=224.356 box=0.629 cls=2.664 kpt=18.060 vis=1.588 | lr=0.00332 | 35.9 img/s | ETA 12s
01:29:47 | INFO    | xtx.engine.trainer | E1/100 S4241/4244 | total=227.870 box=0.659 cls=2.609 kpt=18.327 vis=1.702 | lr=0.00333 | 35.9 img/s | ETA 3s
01:29:50 | INFO    | xtx.engine.trainer | E1/100 S4244/4244 | total=235.245 box=0.638 cls=2.754 kpt=18.957 vis=1.592 | lr=0.00333 | 35.9 img/s | ETA 0s
01:30:20 | INFO    | xtx.engine.trainer | Epoch 1/100 val: AP=0.0165 AP50=0.0746 AP75=0.0000 AR=0.1014
01:30:20 | INFO    | xtx.engine.checkpoint | Saved checkpoint -> runs\xtx-n\last.pt
01:30:21 | INFO    | xtx.engine.checkpoint | Saved checkpoint -> runs\xtx-n\best.pt
01:30:44 | INFO    | xtx.engine.trainer | E2/100 S1/4244 | total=230.497 box=0.603 cls=2.700 kpt=18.590 vis=1.541 | lr=0.00333 | 1.4 img/s | ETA 97722s
01:30:53 | INFO    | xtx.engine.trainer | E2/100 S11/4244 | total=228.908 box=0.673 cls=2.709 kpt=18.408 vis=1.617 | lr=0.00334 | 10.9 img/s | ETA 12422s
01:31:02 | INFO    | xtx.engine.trainer | E2/100 S21/4244 | total=246.501 box=0.666 cls=2.765 kpt=19.872 vis=1.658 | lr=0.00335 | 16.3 img/s | ETA 8279s
01:31:11 | INFO    | xtx.engine.trainer | E2/100 S31/4244 | total=228.391 box=0.681 cls=2.712 kpt=18.356 vis=1.651 | lr=0.00336 | 19.8 img/s | ETA 6816s
01:31:20 | INFO    | xtx.engine.trainer | E2/100 S41/4244 | total=235.356 box=0.651 cls=2.661 kpt=18.963 vis=1.594 | lr=0.00336 | 22.2 img/s | ETA 6054s
01:31:29 | INFO    | xtx.engine.trainer | E2/100 S51/4244 | total=223.125 box=0.646 cls=2.681 kpt=17.947 vis=1.580 | lr=0.00337 | 24.0 img/s | ETA 5587s
01:31:37 | INFO    | xtx.engine.trainer | E2/100 S61/4244 | total=242.756 box=0.658 cls=2.610 kpt=19.579 vis=1.571 | lr=0.00338 | 25.4 img/s | ETA 5269s
01:31:46 | INFO    | xtx.engine.trainer | E2/100 S71/4244 | total=234.787 box=0.630 cls=2.680 kpt=18.921 vis=1.674 | lr=0.00339 | 26.5 img/s | ETA 5047s
01:31:54 | INFO    | xtx.engine.checkpoint | Saved checkpoint -> runs\xtx-n\last.pt
01:31:56 | INFO    | xtx.engine.trainer | E2/100 S81/4244 | total=235.050 box=0.659 cls=2.686 kpt=18.929 vis=1.612 | lr=0.00340 | 27.2 img/s | ETA 4890s
01:32:05 | INFO    | xtx.engine.trainer | E2/100 S91/4244 | total=232.062 box=0.641 cls=2.799 kpt=18.687 vis=1.603 | lr=0.00340 | 27.9 img/s | ETA 4764s
01:32:14 | INFO    | xtx.engine.trainer | E2/100 S101/4244 | total=224.409 box=0.704 cls=2.678 kpt=18.014 vis=1.624 | lr=0.00341 | 28.5 img/s | ETA 4652s
01:32:23 | INFO    | xtx.engine.trainer | E2/100 S111/4244 | total=266.770 box=0.647 cls=2.740 kpt=21.581 vis=1.584 | lr=0.00342 | 29.0 img/s | ETA 4558s
01:32:32 | INFO    | xtx.engine.trainer | E2/100 S121/4244 | total=247.397 box=0.651 cls=2.833 kpt=19.950 vis=1.701 | lr=0.00343 | 29.4 img/s | ETA 4481s
01:32:41 | INFO    | xtx.engine.trainer | E2/100 S131/4244 | total=249.039 box=0.652 cls=2.710 kpt=20.102 vis=1.563 | lr=0.00344 | 29.9 img/s | ETA 4408s
01:32:50 | INFO    | xtx.engine.trainer | E2/100 S141/4244 | total=229.113 box=0.624 cls=2.734 kpt=18.456 vis=1.600 | lr=0.00344 | 30.2 img/s | ETA 4351s
01:32:59 | INFO    | xtx.engine.trainer | E2/100 S151/4244 | total=249.083 box=0.636 cls=2.784 kpt=20.107 vis=1.637 | lr=0.00345 | 30.5 img/s | ETA 4297s
01:33:08 | INFO    | xtx.engine.trainer | E2/100 S161/4244 | total=227.783 box=0.626 cls=2.668 kpt=18.349 vis=1.572 | lr=0.00346 | 30.8 img/s | ETA 4241s
01:33:17 | INFO    | xtx.engine.trainer | E2/100 S171/4244 | total=232.163 box=0.625 cls=2.741 kpt=18.711 vis=1.575 | lr=0.00347 | 31.1 img/s | ETA 4194s
01:33:26 | INFO    | xtx.engine.trainer | E2/100 S181/4244 | total=239.536 box=0.653 cls=2.704 kpt=19.308 vis=1.590 | lr=0.00347 | 31.3 img/s | ETA 4155s
01:33:35 | INFO    | xtx.engine.trainer | E2/100 S191/4244 | total=230.606 box=0.633 cls=2.777 kpt=18.570 vis=1.628 | lr=0.00348 | 31.5 img/s | ETA 4118s
01:33:44 | INFO    | xtx.engine.trainer | E2/100 S201/4244 | total=227.840 box=0.596 cls=2.699 kpt=18.372 vis=1.554 | lr=0.00349 | 31.7 img/s | ETA 4084s
01:33:53 | INFO    | xtx.engine.trainer | E2/100 S211/4244 | total=230.902 box=0.648 cls=2.719 kpt=18.590 vis=1.600 | lr=0.00350 | 31.8 img/s | ETA 4054s
01:34:02 | INFO    | xtx.engine.trainer | E2/100 S221/4244 | total=229.984 box=0.651 cls=2.716 kpt=18.505 vis=1.679 | lr=0.00351 | 32.0 img/s | ETA 4022s
01:34:10 | INFO    | xtx.engine.trainer | E2/100 S231/4244 | total=233.199 box=0.551 cls=2.853 kpt=18.846 vis=1.491 | lr=0.00351 | 32.2 img/s | ETA 3991s
01:34:19 | INFO    | xtx.engine.trainer | E2/100 S241/4244 | total=232.203 box=0.599 cls=2.792 kpt=18.731 vis=1.545 | lr=0.00352 | 32.3 img/s | ETA 3963s
01:34:28 | INFO    | xtx.engine.trainer | E2/100 S251/4244 | total=244.373 box=0.631 cls=2.859 kpt=19.709 vis=1.701 | lr=0.00353 | 32.4 img/s | ETA 3942s
01:34:37 | INFO    | xtx.engine.trainer | E2/100 S261/4244 | total=221.962 box=0.699 cls=2.679 kpt=17.809 vis=1.674 | lr=0.00354 | 32.5 img/s | ETA 3920s
01:34:47 | INFO    | xtx.engine.trainer | E2/100 S271/4244 | total=236.661 box=0.659 cls=2.627 kpt=19.064 vis=1.634 | lr=0.00355 | 32.6 img/s | ETA 3901s
01:34:56 | INFO    | xtx.engine.trainer | E2/100 S281/4244 | total=227.094 box=0.653 cls=2.631 kpt=18.269 vis=1.651 | lr=0.00355 | 32.7 img/s | ETA 3881s
01:35:05 | INFO    | xtx.engine.trainer | E2/100 S291/4244 | total=226.525 box=0.653 cls=2.722 kpt=18.221 vis=1.612 | lr=0.00356 | 32.8 img/s | ETA 3862s
01:35:14 | INFO    | xtx.engine.trainer | E2/100 S301/4244 | total=233.441 box=0.627 cls=2.749 kpt=18.817 vis=1.556 | lr=0.00357 | 32.9 img/s | ETA 3838s
01:35:22 | INFO    | xtx.engine.trainer | E2/100 S311/4244 | total=224.623 box=0.663 cls=2.656 kpt=18.059 vis=1.616 | lr=0.00358 | 33.0 img/s | ETA 3816s
01:35:31 | INFO    | xtx.engine.trainer | E2/100 S321/4244 | total=224.733 box=0.639 cls=2.682 kpt=18.082 vis=1.609 | lr=0.00358 | 33.1 img/s | ETA 3795s
01:35:40 | INFO    | xtx.engine.trainer | E2/100 S331/4244 | total=235.156 box=0.652 cls=2.651 kpt=18.947 vis=1.573 | lr=0.00359 | 33.2 img/s | ETA 3777s
01:35:49 | INFO    | xtx.engine.trainer | E2/100 S341/4244 | total=235.185 box=0.652 cls=2.666 kpt=18.944 vis=1.629 | lr=0.00360 | 33.2 img/s | ETA 3758s
01:35:58 | INFO    | xtx.engine.trainer | E2/100 S351/4244 | total=242.516 box=0.623 cls=2.683 kpt=19.576 vis=1.594 | lr=0.00361 | 33.3 img/s | ETA 3743s
01:36:07 | INFO    | xtx.engine.trainer | E2/100 S361/4244 | total=236.645 box=0.608 cls=2.703 kpt=19.096 vis=1.578 | lr=0.00362 | 33.3 img/s | ETA 3731s
01:36:17 | INFO    | xtx.engine.trainer | E2/100 S371/4244 | total=224.920 box=0.635 cls=2.686 kpt=18.095 vis=1.683 | lr=0.00362 | 33.3 img/s | ETA 3718s
01:36:26 | INFO    | xtx.engine.trainer | E2/100 S381/4244 | total=239.331 box=0.681 cls=2.669 kpt=19.275 vis=1.596 | lr=0.00363 | 33.4 img/s | ETA 3704s
01:36:35 | INFO    | xtx.engine.trainer | E2/100 S391/4244 | total=226.410 box=0.650 cls=2.646 kpt=18.217 vis=1.604 | lr=0.00364 | 33.4 img/s | ETA 3693s
01:36:45 | INFO    | xtx.engine.trainer | E2/100 S401/4244 | total=228.258 box=0.651 cls=2.639 kpt=18.370 vis=1.620 | lr=0.00365 | 33.4 img/s | ETA 3679s
01:36:54 | INFO    | xtx.engine.trainer | E2/100 S411/4244 | total=231.423 box=0.632 cls=2.712 kpt=18.644 vis=1.594 | lr=0.00366 | 33.5 img/s | ETA 3667s
01:36:55 | INFO    | xtx.engine.checkpoint | Saved checkpoint -> runs\xtx-n\last.pt
01:37:03 | INFO    | xtx.engine.trainer | E2/100 S421/4244 | total=231.934 box=0.592 cls=2.885 kpt=18.709 vis=1.539 | lr=0.00366 | 33.5 img/s | ETA 3655s
01:37:12 | INFO    | xtx.engine.trainer | E2/100 S431/4244 | total=228.065 box=0.630 cls=2.725 kpt=18.362 vis=1.637 | lr=0.00367 | 33.5 img/s | ETA 3642s
01:37:22 | INFO    | xtx.engine.trainer | E2/100 S441/4244 | total=232.314 box=0.637 cls=2.765 kpt=18.712 vis=1.612 | lr=0.00368 | 33.5 img/s | ETA 3633s
01:37:31 | INFO    | xtx.engine.trainer | E2/100 S451/4244 | total=226.790 box=0.661 cls=2.672 kpt=18.243 vis=1.582 | lr=0.00369 | 33.5 img/s | ETA 3620s
01:37:40 | INFO    | xtx.engine.trainer | E2/100 S461/4244 | total=235.295 box=0.652 cls=2.744 kpt=18.952 vis=1.608 | lr=0.00369 | 33.6 img/s | ETA 3607s
01:37:49 | INFO    | xtx.engine.trainer | E2/100 S471/4244 | total=230.687 box=0.625 cls=2.736 kpt=18.587 vis=1.588 | lr=0.00370 | 33.6 img/s | ETA 3594s
01:37:58 | INFO    | xtx.engine.trainer | E2/100 S481/4244 | total=224.738 box=0.681 cls=2.702 kpt=18.057 vis=1.598 | lr=0.00371 | 33.6 img/s | ETA 3579s
01:38:07 | INFO    | xtx.engine.trainer | E2/100 S491/4244 | total=231.237 box=0.650 cls=2.676 kpt=18.617 vis=1.621 | lr=0.00372 | 33.7 img/s | ETA 3566s
01:38:16 | INFO    | xtx.engine.trainer | E2/100 S501/4244 | total=224.583 box=0.632 cls=2.666 kpt=18.076 vis=1.607 | lr=0.00373 | 33.7 img/s | ETA 3552s
01:38:25 | INFO    | xtx.engine.trainer | E2/100 S511/4244 | total=248.877 box=0.656 cls=2.704 kpt=20.081 vis=1.631 | lr=0.00373 | 33.8 img/s | ETA 3537s
01:38:33 | INFO    | xtx.engine.trainer | E2/100 S521/4244 | total=229.632 box=0.646 cls=2.713 kpt=18.486 vis=1.595 | lr=0.00374 | 33.8 img/s | ETA 3522s
01:38:43 | INFO    | xtx.engine.trainer | E2/100 S531/4244 | total=252.570 box=0.611 cls=2.843 kpt=20.414 vis=1.602 | lr=0.00375 | 33.9 img/s | ETA 3510s
01:38:51 | INFO    | xtx.engine.trainer | E2/100 S541/4244 | total=233.574 box=0.672 cls=2.725 kpt=18.790 vis=1.688 | lr=0.00376 | 33.9 img/s | ETA 3496s
01:39:00 | INFO    | xtx.engine.trainer | E2/100 S551/4244 | total=229.910 box=0.650 cls=2.745 kpt=18.504 vis=1.613 | lr=0.00377 | 33.9 img/s | ETA 3483s
01:39:09 | INFO    | xtx.engine.trainer | E2/100 S561/4244 | total=241.881 box=0.636 cls=2.705 kpt=19.515 vis=1.577 | lr=0.00377 | 34.0 img/s | ETA 3470s
01:39:18 | INFO    | xtx.engine.trainer | E2/100 S571/4244 | total=231.292 box=0.624 cls=2.707 kpt=18.632 vis=1.676 | lr=0.00378 | 34.0 img/s | ETA 3457s
01:39:27 | INFO    | xtx.engine.trainer | E2/100 S581/4244 | total=229.576 box=0.644 cls=2.739 kpt=18.483 vis=1.587 | lr=0.00379 | 34.0 img/s | ETA 3443s
01:39:36 | INFO    | xtx.engine.trainer | E2/100 S591/4244 | total=249.828 box=0.662 cls=2.713 kpt=20.155 vis=1.651 | lr=0.00380 | 34.1 img/s | ETA 3431s
01:39:45 | INFO    | xtx.engine.trainer | E2/100 S601/4244 | total=235.033 box=0.578 cls=2.854 kpt=18.977 vis=1.545 | lr=0.00380 | 34.1 img/s | ETA 3419s
01:39:54 | INFO    | xtx.engine.trainer | E2/100 S611/4244 | total=247.702 box=0.674 cls=2.593 kpt=19.978 vis=1.615 | lr=0.00381 | 34.1 img/s | ETA 3408s
01:40:03 | INFO    | xtx.engine.trainer | E2/100 S621/4244 | total=234.661 box=0.627 cls=2.782 kpt=18.918 vis=1.546 | lr=0.00382 | 34.1 img/s | ETA 3396s
01:40:12 | INFO    | xtx.engine.trainer | E2/100 S631/4244 | total=241.295 box=0.677 cls=2.647 kpt=19.439 vis=1.625 | lr=0.00383 | 34.2 img/s | ETA 3384s
01:40:21 | INFO    | xtx.engine.trainer | E2/100 S641/4244 | total=234.232 box=0.648 cls=2.727 kpt=18.858 vis=1.710 | lr=0.00384 | 34.2 img/s | ETA 3373s
01:40:30 | INFO    | xtx.engine.trainer | E2/100 S651/4244 | total=233.627 box=0.586 cls=2.756 kpt=18.858 vis=1.554 | lr=0.00384 | 34.2 img/s | ETA 3363s
01:40:39 | INFO    | xtx.engine.trainer | E2/100 S661/4244 | total=238.179 box=0.678 cls=2.761 kpt=19.173 vis=1.640 | lr=0.00385 | 34.2 img/s | ETA 3352s
01:40:48 | INFO    | xtx.engine.trainer | E2/100 S671/4244 | total=234.855 box=0.617 cls=2.737 kpt=18.936 vis=1.631 | lr=0.00386 | 34.2 img/s | ETA 3341s
01:40:57 | INFO    | xtx.engine.trainer | E2/100 S681/4244 | total=238.048 box=0.640 cls=2.734 kpt=19.190 vis=1.597 | lr=0.00387 | 34.2 img/s | ETA 3330s
01:41:06 | INFO    | xtx.engine.trainer | E2/100 S691/4244 | total=227.512 box=0.615 cls=2.688 kpt=18.333 vis=1.563 | lr=0.00388 | 34.3 img/s | ETA 3319s
01:41:15 | INFO    | xtx.engine.trainer | E2/100 S701/4244 | total=232.668 box=0.642 cls=2.665 kpt=18.743 vis=1.603 | lr=0.00388 | 34.3 img/s | ETA 3307s
01:41:24 | INFO    | xtx.engine.trainer | E2/100 S711/4244 | total=227.426 box=0.641 cls=2.699 kpt=18.303 vis=1.632 | lr=0.00389 | 34.3 img/s | ETA 3296s
01:41:33 | INFO    | xtx.engine.trainer | E2/100 S721/4244 | total=254.897 box=0.678 cls=2.635 kpt=20.570 vis=1.652 | lr=0.00390 | 34.3 img/s | ETA 3284s
01:41:42 | INFO    | xtx.engine.trainer | E2/100 S731/4244 | total=226.811 box=0.651 cls=2.697 kpt=18.247 vis=1.620 | lr=0.00391 | 34.3 img/s | ETA 3273s
01:41:51 | INFO    | xtx.engine.trainer | E2/100 S741/4244 | total=231.672 box=0.591 cls=2.702 kpt=18.696 vis=1.539 | lr=0.00391 | 34.4 img/s | ETA 3262s
01:41:55 | INFO    | xtx.engine.checkpoint | Saved checkpoint -> runs\xtx-n\last.pt
01:42:00 | INFO    | xtx.engine.trainer | E2/100 S751/4244 | total=234.085 box=0.534 cls=2.793 kpt=18.930 vis=1.522 | lr=0.00392 | 34.4 img/s | ETA 3251s
01:42:09 | INFO    | xtx.engine.trainer | E2/100 S761/4244 | total=218.932 box=0.609 cls=2.645 kpt=17.622 vis=1.570 | lr=0.00393 | 34.4 img/s | ETA 3240s
01:42:18 | INFO    | xtx.engine.trainer | E2/100 S771/4244 | total=230.330 box=0.609 cls=2.722 kpt=18.562 vis=1.652 | lr=0.00394 | 34.4 img/s | ETA 3230s
01:42:27 | INFO    | xtx.engine.trainer | E2/100 S781/4244 | total=238.061 box=0.632 cls=2.787 kpt=19.194 vis=1.593 | lr=0.00395 | 34.4 img/s | ETA 3221s
01:42:36 | INFO    | xtx.engine.trainer | E2/100 S791/4244 | total=253.950 box=0.602 cls=2.799 kpt=20.545 vis=1.497 | lr=0.00395 | 34.4 img/s | ETA 3212s
01:42:46 | INFO    | xtx.engine.trainer | E2/100 S801/4244 | total=222.768 box=0.647 cls=2.645 kpt=17.921 vis=1.547 | lr=0.00396 | 34.4 img/s | ETA 3202s
01:42:55 | INFO    | xtx.engine.trainer | E2/100 S811/4244 | total=273.882 box=0.681 cls=2.665 kpt=22.149 vis=1.660 | lr=0.00397 | 34.4 img/s | ETA 3193s
01:43:04 | INFO    | xtx.engine.trainer | E2/100 S821/4244 | total=224.641 box=0.700 cls=2.630 kpt=18.043 vis=1.565 | lr=0.00398 | 34.4 img/s | ETA 3183s
01:43:13 | INFO    | xtx.engine.trainer | E2/100 S831/4244 | total=233.600 box=0.644 cls=2.668 kpt=18.820 vis=1.598 | lr=0.00399 | 34.4 img/s | ETA 3173s
01:43:22 | INFO    | xtx.engine.trainer | E2/100 S841/4244 | total=225.544 box=0.635 cls=2.707 kpt=18.152 vis=1.606 | lr=0.00399 | 34.4 img/s | ETA 3162s
01:43:31 | INFO    | xtx.engine.trainer | E2/100 S851/4244 | total=229.300 box=0.631 cls=2.749 kpt=18.464 vis=1.619 | lr=0.00400 | 34.5 img/s | ETA 3151s
01:43:40 | INFO    | xtx.engine.trainer | E2/100 S861/4244 | total=225.460 box=0.631 cls=2.652 kpt=18.152 vis=1.582 | lr=0.00401 | 34.5 img/s | ETA 3141s
01:43:49 | INFO    | xtx.engine.trainer | E2/100 S871/4244 | total=226.967 box=0.659 cls=2.619 kpt=18.260 vis=1.604 | lr=0.00402 | 34.5 img/s | ETA 3131s
01:43:59 | INFO    | xtx.engine.trainer | E2/100 S881/4244 | total=244.707 box=0.592 cls=2.785 kpt=19.773 vis=1.601 | lr=0.00402 | 34.5 img/s | ETA 3124s
01:44:08 | INFO    | xtx.engine.trainer | E2/100 S891/4244 | total=235.943 box=0.660 cls=2.726 kpt=19.002 vis=1.610 | lr=0.00403 | 34.5 img/s | ETA 3113s
01:44:17 | INFO    | xtx.engine.trainer | E2/100 S901/4244 | total=231.572 box=0.643 cls=2.711 kpt=18.647 vis=1.621 | lr=0.00404 | 34.5 img/s | ETA 3103s
01:44:26 | INFO    | xtx.engine.trainer | E2/100 S911/4244 | total=223.287 box=0.621 cls=2.769 kpt=17.975 vis=1.552 | lr=0.00405 | 34.5 img/s | ETA 3093s
01:44:35 | INFO    | xtx.engine.trainer | E2/100 S921/4244 | total=225.531 box=0.690 cls=2.672 kpt=18.117 vis=1.620 | lr=0.00406 | 34.5 img/s | ETA 3083s
01:44:44 | INFO    | xtx.engine.trainer | E2/100 S931/4244 | total=239.940 box=0.601 cls=2.659 kpt=19.381 vis=1.535 | lr=0.00406 | 34.5 img/s | ETA 3074s
01:44:54 | INFO    | xtx.engine.trainer | E2/100 S941/4244 | total=225.633 box=0.649 cls=2.676 kpt=18.154 vis=1.574 | lr=0.00407 | 34.5 img/s | ETA 3065s
01:45:03 | INFO    | xtx.engine.trainer | E2/100 S951/4244 | total=230.079 box=0.646 cls=2.728 kpt=18.522 vis=1.614 | lr=0.00408 | 34.5 img/s | ETA 3055s
01:45:12 | INFO    | xtx.engine.trainer | E2/100 S961/4244 | total=247.378 box=0.625 cls=2.642 kpt=19.985 vis=1.547 | lr=0.00409 | 34.5 img/s | ETA 3046s
01:45:21 | INFO    | xtx.engine.trainer | E2/100 S971/4244 | total=232.412 box=0.659 cls=2.657 kpt=18.710 vis=1.624 | lr=0.00410 | 34.5 img/s | ETA 3036s
01:45:31 | INFO    | xtx.engine.trainer | E2/100 S981/4244 | total=237.510 box=0.666 cls=2.650 kpt=19.131 vis=1.617 | lr=0.00410 | 34.5 img/s | ETA 3027s
01:45:40 | INFO    | xtx.engine.trainer | E2/100 S991/4244 | total=231.440 box=0.626 cls=2.710 kpt=18.650 vis=1.593 | lr=0.00411 | 34.5 img/s | ETA 3017s
01:45:49 | INFO    | xtx.engine.trainer | E2/100 S1001/4244 | total=226.529 box=0.619 cls=2.642 kpt=18.251 vis=1.556 | lr=0.00412 | 34.5 img/s | ETA 3008s
01:45:58 | INFO    | xtx.engine.trainer | E2/100 S1011/4244 | total=240.776 box=0.639 cls=2.643 kpt=19.426 vis=1.548 | lr=0.00413 | 34.5 img/s | ETA 2998s
01:46:07 | INFO    | xtx.engine.trainer | E2/100 S1021/4244 | total=228.675 box=0.586 cls=2.722 kpt=18.447 vis=1.553 | lr=0.00413 | 34.5 img/s | ETA 2989s
01:46:17 | INFO    | xtx.engine.trainer | E2/100 S1031/4244 | total=224.590 box=0.633 cls=2.634 kpt=18.079 vis=1.574 | lr=0.00414 | 34.5 img/s | ETA 2980s
01:46:26 | INFO    | xtx.engine.trainer | E2/100 S1041/4244 | total=256.459 box=0.601 cls=2.771 kpt=20.749 vis=1.575 | lr=0.00415 | 34.5 img/s | ETA 2969s
01:46:35 | INFO    | xtx.engine.trainer | E2/100 S1051/4244 | total=232.067 box=0.605 cls=2.729 kpt=18.716 vis=1.574 | lr=0.00416 | 34.5 img/s | ETA 2959s
01:46:43 | INFO    | xtx.engine.trainer | E2/100 S1061/4244 | total=232.198 box=0.619 cls=2.735 kpt=18.717 vis=1.590 | lr=0.00417 | 34.5 img/s | ETA 2949s
01:46:52 | INFO    | xtx.engine.trainer | E2/100 S1071/4244 | total=237.209 box=0.625 cls=2.744 kpt=19.132 vis=1.570 | lr=0.00417 | 34.6 img/s | ETA 2938s
01:46:56 | INFO    | xtx.engine.checkpoint | Saved checkpoint -> runs\xtx-n\last.pt
01:47:02 | INFO    | xtx.engine.trainer | E2/100 S1081/4244 | total=232.487 box=0.620 cls=2.734 kpt=18.742 vis=1.559 | lr=0.00418 | 34.6 img/s | ETA 2929s
01:47:11 | INFO    | xtx.engine.trainer | E2/100 S1091/4244 | total=228.373 box=0.594 cls=2.772 kpt=18.418 vis=1.516 | lr=0.00419 | 34.6 img/s | ETA 2919s
01:47:20 | INFO    | xtx.engine.trainer | E2/100 S1101/4244 | total=229.657 box=0.676 cls=2.602 kpt=18.476 vis=1.572 | lr=0.00420 | 34.6 img/s | ETA 2909s
01:47:29 | INFO    | xtx.engine.trainer | E2/100 S1111/4244 | total=237.950 box=0.606 cls=2.723 kpt=19.204 vis=1.600 | lr=0.00421 | 34.6 img/s | ETA 2900s
01:47:38 | INFO    | xtx.engine.trainer | E2/100 S1121/4244 | total=232.391 box=0.610 cls=2.675 kpt=18.742 vis=1.571 | lr=0.00421 | 34.6 img/s | ETA 2890s
01:47:47 | INFO    | xtx.engine.trainer | E2/100 S1131/4244 | total=245.629 box=0.622 cls=2.632 kpt=19.838 vis=1.593 | lr=0.00422 | 34.6 img/s | ETA 2881s
01:47:56 | INFO    | xtx.engine.trainer | E2/100 S1141/4244 | total=228.716 box=0.661 cls=2.688 kpt=18.400 vis=1.611 | lr=0.00423 | 34.6 img/s | ETA 2871s
01:48:05 | INFO    | xtx.engine.trainer | E2/100 S1151/4244 | total=240.390 box=0.616 cls=2.766 kpt=19.399 vis=1.600 | lr=0.00424 | 34.6 img/s | ETA 2861s
01:48:15 | INFO    | xtx.engine.trainer | E2/100 S1161/4244 | total=228.214 box=0.605 cls=2.676 kpt=18.399 vis=1.551 | lr=0.00424 | 34.6 img/s | ETA 2852s
01:48:24 | INFO    | xtx.engine.trainer | E2/100 S1171/4244 | total=231.382 box=0.617 cls=2.629 kpt=18.659 vis=1.535 | lr=0.00425 | 34.6 img/s | ETA 2842s
01:48:33 | INFO    | xtx.engine.trainer | E2/100 S1181/4244 | total=228.476 box=0.665 cls=2.729 kpt=18.376 vis=1.613 | lr=0.00426 | 34.6 img/s | ETA 2833s
01:48:42 | INFO    | xtx.engine.trainer | E2/100 S1191/4244 | total=231.297 box=0.634 cls=2.691 kpt=18.635 vis=1.582 | lr=0.00427 | 34.6 img/s | ETA 2822s
01:48:51 | INFO    | xtx.engine.trainer | E2/100 S1201/4244 | total=238.760 box=0.612 cls=2.762 kpt=19.268 vis=1.565 | lr=0.00428 | 34.6 img/s | ETA 2813s
01:49:00 | INFO    | xtx.engine.trainer | E2/100 S1211/4244 | total=229.254 box=0.640 cls=2.697 kpt=18.461 vis=1.575 | lr=0.00428 | 34.6 img/s | ETA 2803s
01:49:09 | INFO    | xtx.engine.trainer | E2/100 S1221/4244 | total=249.579 box=0.625 cls=2.608 kpt=20.172 vis=1.530 | lr=0.00429 | 34.6 img/s | ETA 2794s
01:49:18 | INFO    | xtx.engine.trainer | E2/100 S1231/4244 | total=227.045 box=0.619 cls=2.688 kpt=18.287 vis=1.614 | lr=0.00430 | 34.6 img/s | ETA 2784s
01:49:27 | INFO    | xtx.engine.trainer | E2/100 S1241/4244 | total=237.562 box=0.586 cls=2.682 kpt=19.188 vis=1.565 | lr=0.00431 | 34.6 img/s | ETA 2774s
01:49:36 | INFO    | xtx.engine.trainer | E2/100 S1251/4244 | total=247.154 box=0.586 cls=2.762 kpt=19.980 vis=1.624 | lr=0.00432 | 34.6 img/s | ETA 2765s
01:49:45 | INFO    | xtx.engine.trainer | E2/100 S1261/4244 | total=230.702 box=0.604 cls=2.750 kpt=18.603 vis=1.563 | lr=0.00432 | 34.6 img/s | ETA 2755s
01:49:55 | INFO    | xtx.engine.trainer | E2/100 S1271/4244 | total=242.853 box=0.580 cls=2.804 kpt=19.628 vis=1.568 | lr=0.00433 | 34.6 img/s | ETA 2746s
01:50:04 | INFO    | xtx.engine.trainer | E2/100 S1281/4244 | total=246.750 box=0.630 cls=2.714 kpt=19.927 vis=1.542 | lr=0.00434 | 34.6 img/s | ETA 2737s
01:50:13 | INFO    | xtx.engine.trainer | E2/100 S1291/4244 | total=225.747 box=0.652 cls=2.621 kpt=18.164 vis=1.578 | lr=0.00435 | 34.6 img/s | ETA 2728s
01:50:22 | INFO    | xtx.engine.trainer | E2/100 S1301/4244 | total=226.452 box=0.590 cls=2.729 kpt=18.261 vis=1.527 | lr=0.00435 | 34.7 img/s | ETA 2718s
01:50:31 | INFO    | xtx.engine.trainer | E2/100 S1311/4244 | total=232.536 box=0.642 cls=2.669 kpt=18.733 vis=1.588 | lr=0.00436 | 34.6 img/s | ETA 2709s
01:50:40 | INFO    | xtx.engine.trainer | E2/100 S1321/4244 | total=228.864 box=0.612 cls=2.763 kpt=18.446 vis=1.543 | lr=0.00437 | 34.7 img/s | ETA 2699s
01:50:50 | INFO    | xtx.engine.trainer | E2/100 S1331/4244 | total=225.379 box=0.628 cls=2.593 kpt=18.150 vis=1.567 | lr=0.00438 | 34.7 img/s | ETA 2690s
01:50:59 | INFO    | xtx.engine.trainer | E2/100 S1341/4244 | total=238.538 box=0.640 cls=2.625 kpt=19.238 vis=1.571 | lr=0.00439 | 34.6 img/s | ETA 2681s
01:51:08 | INFO    | xtx.engine.trainer | E2/100 S1351/4244 | total=233.862 box=0.609 cls=2.768 kpt=18.859 vis=1.607 | lr=0.00439 | 34.6 img/s | ETA 2672s
01:51:18 | INFO    | xtx.engine.trainer | E2/100 S1361/4244 | total=226.123 box=0.591 cls=2.787 kpt=18.228 vis=1.559 | lr=0.00440 | 34.6 img/s | ETA 2663s
01:51:27 | INFO    | xtx.engine.trainer | E2/100 S1371/4244 | total=236.817 box=0.668 cls=2.660 kpt=19.076 vis=1.564 | lr=0.00441 | 34.6 img/s | ETA 2654s
01:51:36 | INFO    | xtx.engine.trainer | E2/100 S1381/4244 | total=235.572 box=0.606 cls=2.672 kpt=19.013 vis=1.540 | lr=0.00442 | 34.6 img/s | ETA 2644s
01:51:45 | INFO    | xtx.engine.trainer | E2/100 S1391/4244 | total=219.182 box=0.610 cls=2.596 kpt=17.645 vis=1.572 | lr=0.00443 | 34.6 img/s | ETA 2635s
01:51:55 | INFO    | xtx.engine.trainer | E2/100 S1401/4244 | total=226.493 box=0.611 cls=2.635 kpt=18.251 vis=1.578 | lr=0.00443 | 34.6 img/s | ETA 2626s
01:51:57 | INFO    | xtx.engine.checkpoint | Saved checkpoint -> runs\xtx-n\last.pt
01:52:04 | INFO    | xtx.engine.trainer | E2/100 S1411/4244 | total=250.701 box=0.600 cls=2.763 kpt=20.270 vis=1.571 | lr=0.00444 | 34.6 img/s | ETA 2617s
01:52:13 | INFO    | xtx.engine.trainer | E2/100 S1421/4244 | total=241.836 box=0.620 cls=2.701 kpt=19.521 vis=1.586 | lr=0.00445 | 34.6 img/s | ETA 2607s
01:52:22 | INFO    | xtx.engine.trainer | E2/100 S1431/4244 | total=229.898 box=0.621 cls=2.727 kpt=18.523 vis=1.601 | lr=0.00446 | 34.7 img/s | ETA 2598s
01:52:31 | INFO    | xtx.engine.trainer | E2/100 S1441/4244 | total=245.385 box=0.609 cls=2.665 kpt=19.829 vis=1.538 | lr=0.00446 | 34.7 img/s | ETA 2589s
01:52:40 | INFO    | xtx.engine.trainer | E2/100 S1451/4244 | total=217.160 box=0.642 cls=2.611 kpt=17.452 vis=1.623 | lr=0.00447 | 34.7 img/s | ETA 2578s
01:52:49 | INFO    | xtx.engine.trainer | E2/100 S1461/4244 | total=239.675 box=0.597 cls=2.637 kpt=19.361 vis=1.545 | lr=0.00448 | 34.7 img/s | ETA 2568s
01:52:57 | INFO    | xtx.engine.trainer | E2/100 S1471/4244 | total=249.035 box=0.641 cls=2.749 kpt=20.099 vis=1.668 | lr=0.00449 | 34.7 img/s | ETA 2557s
01:53:06 | INFO    | xtx.engine.trainer | E2/100 S1481/4244 | total=229.878 box=0.580 cls=2.702 kpt=18.554 vis=1.526 | lr=0.00450 | 34.7 img/s | ETA 2547s
01:53:15 | INFO    | xtx.engine.trainer | E2/100 S1491/4244 | total=238.470 box=0.651 cls=2.713 kpt=19.223 vis=1.561 | lr=0.00450 | 34.7 img/s | ETA 2537s
01:53:24 | INFO    | xtx.engine.trainer | E2/100 S1501/4244 | total=222.378 box=0.606 cls=2.646 kpt=17.916 vis=1.520 | lr=0.00451 | 34.7 img/s | ETA 2527s
01:53:32 | INFO    | xtx.engine.trainer | E2/100 S1511/4244 | total=233.670 box=0.613 cls=2.750 kpt=18.842 vis=1.596 | lr=0.00452 | 34.7 img/s | ETA 2517s
01:53:41 | INFO    | xtx.engine.trainer | E2/100 S1521/4244 | total=231.798 box=0.633 cls=2.621 kpt=18.679 vis=1.592 | lr=0.00453 | 34.8 img/s | ETA 2507s
01:53:49 | INFO    | xtx.engine.trainer | E2/100 S1531/4244 | total=227.734 box=0.610 cls=2.760 kpt=18.352 vis=1.552 | lr=0.00454 | 34.8 img/s | ETA 2497s
01:53:58 | INFO    | xtx.engine.trainer | E2/100 S1541/4244 | total=228.485 box=0.624 cls=2.704 kpt=18.406 vis=1.582 | lr=0.00454 | 34.8 img/s | ETA 2487s
01:54:07 | INFO    | xtx.engine.trainer | E2/100 S1551/4244 | total=231.347 box=0.622 cls=2.670 kpt=18.650 vis=1.544 | lr=0.00455 | 34.8 img/s | ETA 2477s
01:54:16 | INFO    | xtx.engine.trainer | E2/100 S1561/4244 | total=227.759 box=0.617 cls=2.732 kpt=18.350 vis=1.565 | lr=0.00456 | 34.8 img/s | ETA 2467s
01:54:25 | INFO    | xtx.engine.trainer | E2/100 S1571/4244 | total=236.176 box=0.607 cls=2.701 kpt=19.056 vis=1.600 | lr=0.00457 | 34.8 img/s | ETA 2458s
01:54:34 | INFO    | xtx.engine.trainer | E2/100 S1581/4244 | total=223.218 box=0.607 cls=2.621 kpt=17.983 vis=1.560 | lr=0.00457 | 34.8 img/s | ETA 2448s
01:54:42 | INFO    | xtx.engine.trainer | E2/100 S1591/4244 | total=236.624 box=0.636 cls=2.662 kpt=19.078 vis=1.592 | lr=0.00458 | 34.8 img/s | ETA 2438s
01:54:51 | INFO    | xtx.engine.trainer | E2/100 S1601/4244 | total=233.826 box=0.626 cls=2.651 kpt=18.856 vis=1.539 | lr=0.00459 | 34.8 img/s | ETA 2428s
01:55:00 | INFO    | xtx.engine.trainer | E2/100 S1611/4244 | total=230.577 box=0.631 cls=2.721 kpt=18.578 vis=1.547 | lr=0.00460 | 34.8 img/s | ETA 2418s
01:55:09 | INFO    | xtx.engine.trainer | E2/100 S1621/4244 | total=222.958 box=0.616 cls=2.626 kpt=17.958 vis=1.536 | lr=0.00461 | 34.9 img/s | ETA 2408s
01:55:18 | INFO    | xtx.engine.trainer | E2/100 S1631/4244 | total=257.855 box=0.654 cls=2.685 kpt=20.837 vis=1.564 | lr=0.00461 | 34.9 img/s | ETA 2398s
01:55:26 | INFO    | xtx.engine.trainer | E2/100 S1641/4244 | total=231.937 box=0.652 cls=2.707 kpt=18.672 vis=1.633 | lr=0.00462 | 34.9 img/s | ETA 2389s
01:55:35 | INFO    | xtx.engine.trainer | E2/100 S1651/4244 | total=231.669 box=0.614 cls=2.646 kpt=18.679 vis=1.591 | lr=0.00463 | 34.9 img/s | ETA 2379s
01:55:44 | INFO    | xtx.engine.trainer | E2/100 S1661/4244 | total=227.865 box=0.629 cls=2.603 kpt=18.359 vis=1.542 | lr=0.00464 | 34.9 img/s | ETA 2369s
01:55:53 | INFO    | xtx.engine.trainer | E2/100 S1671/4244 | total=227.426 box=0.593 cls=2.637 kpt=18.344 vis=1.532 | lr=0.00464 | 34.9 img/s | ETA 2359s
01:56:02 | INFO    | xtx.engine.trainer | E2/100 S1681/4244 | total=221.245 box=0.598 cls=2.670 kpt=17.821 vis=1.573 | lr=0.00465 | 34.9 img/s | ETA 2350s
01:56:11 | INFO    | xtx.engine.trainer | E2/100 S1691/4244 | total=233.712 box=0.624 cls=2.673 kpt=18.844 vis=1.565 | lr=0.00466 | 34.9 img/s | ETA 2340s
01:56:20 | INFO    | xtx.engine.trainer | E2/100 S1701/4244 | total=214.584 box=0.563 cls=2.654 kpt=17.295 vis=1.498 | lr=0.00467 | 34.9 img/s | ETA 2331s
01:56:29 | INFO    | xtx.engine.trainer | E2/100 S1711/4244 | total=228.961 box=0.623 cls=2.669 kpt=18.451 vis=1.538 | lr=0.00468 | 34.9 img/s | ETA 2322s
01:56:38 | INFO    | xtx.engine.trainer | E2/100 S1721/4244 | total=229.595 box=0.614 cls=2.714 kpt=18.505 vis=1.571 | lr=0.00468 | 34.9 img/s | ETA 2312s
01:56:47 | INFO    | xtx.engine.trainer | E2/100 S1731/4244 | total=233.302 box=0.627 cls=2.710 kpt=18.807 vis=1.556 | lr=0.00469 | 34.9 img/s | ETA 2302s
01:56:55 | INFO    | xtx.engine.trainer | E2/100 S1741/4244 | total=236.807 box=0.587 cls=2.629 kpt=19.130 vis=1.534 | lr=0.00470 | 34.9 img/s | ETA 2293s
01:56:57 | INFO    | xtx.engine.checkpoint | Saved checkpoint -> runs\xtx-n\last.pt
01:57:04 | INFO    | xtx.engine.trainer | E2/100 S1751/4244 | total=241.119 box=0.592 cls=2.787 kpt=19.475 vis=1.587 | lr=0.00471 | 34.9 img/s | ETA 2283s
01:57:13 | INFO    | xtx.engine.trainer | E2/100 S1761/4244 | total=224.374 box=0.594 cls=2.699 kpt=18.093 vis=1.454 | lr=0.00472 | 34.9 img/s | ETA 2274s
01:57:22 | INFO    | xtx.engine.trainer | E2/100 S1771/4244 | total=228.776 box=0.607 cls=2.628 kpt=18.450 vis=1.512 | lr=0.00472 | 35.0 img/s | ETA 2264s
01:57:31 | INFO    | xtx.engine.trainer | E2/100 S1781/4244 | total=257.398 box=0.569 cls=2.706 kpt=20.855 vis=1.516 | lr=0.00473 | 35.0 img/s | ETA 2254s
01:57:39 | INFO    | xtx.engine.trainer | E2/100 S1791/4244 | total=231.053 box=0.591 cls=2.678 kpt=18.645 vis=1.549 | lr=0.00474 | 35.0 img/s | ETA 2245s
01:57:48 | INFO    | xtx.engine.trainer | E2/100 S1801/4244 | total=231.115 box=0.661 cls=2.648 kpt=18.606 vis=1.557 | lr=0.00475 | 35.0 img/s | ETA 2235s
01:57:57 | INFO    | xtx.engine.trainer | E2/100 S1811/4244 | total=222.495 box=0.645 cls=2.628 kpt=17.892 vis=1.645 | lr=0.00475 | 35.0 img/s | ETA 2225s
01:58:07 | INFO    | xtx.engine.trainer | E2/100 S1821/4244 | total=224.976 box=0.598 cls=2.653 kpt=18.136 vis=1.534 | lr=0.00476 | 35.0 img/s | ETA 2218s
01:58:18 | INFO    | xtx.engine.trainer | E2/100 S1831/4244 | total=223.401 box=0.633 cls=2.658 kpt=17.981 vis=1.552 | lr=0.00477 | 34.9 img/s | ETA 2211s
01:58:29 | INFO    | xtx.engine.trainer | E2/100 S1841/4244 | total=230.632 box=0.627 cls=2.658 kpt=18.586 vis=1.569 | lr=0.00478 | 34.9 img/s | ETA 2203s
01:58:39 | INFO    | xtx.engine.trainer | E2/100 S1851/4244 | total=235.809 box=0.606 cls=2.665 kpt=19.030 vis=1.570 | lr=0.00479 | 34.9 img/s | ETA 2196s
01:58:50 | INFO    | xtx.engine.trainer | E2/100 S1861/4244 | total=239.565 box=0.630 cls=2.643 kpt=19.334 vis=1.508 | lr=0.00479 | 34.8 img/s | ETA 2188s
01:59:00 | INFO    | xtx.engine.trainer | E2/100 S1871/4244 | total=214.466 box=0.630 cls=2.589 kpt=17.241 vis=1.556 | lr=0.00480 | 34.8 img/s | ETA 2181s
01:59:10 | INFO    | xtx.engine.trainer | E2/100 S1881/4244 | total=234.439 box=0.630 cls=2.684 kpt=18.902 vis=1.550 | lr=0.00481 | 34.8 img/s | ETA 2173s
01:59:21 | INFO    | xtx.engine.trainer | E2/100 S1891/4244 | total=262.483 box=0.578 cls=2.630 kpt=21.276 vis=1.522 | lr=0.00482 | 34.8 img/s | ETA 2165s
01:59:31 | INFO    | xtx.engine.trainer | E2/100 S1901/4244 | total=230.853 box=0.619 cls=2.704 kpt=18.605 vis=1.601 | lr=0.00483 | 34.8 img/s | ETA 2157s
01:59:41 | INFO    | xtx.engine.trainer | E2/100 S1911/4244 | total=229.070 box=0.612 cls=2.707 kpt=18.466 vis=1.532 | lr=0.00483 | 34.7 img/s | ETA 2149s
01:59:51 | INFO    | xtx.engine.trainer | E2/100 S1921/4244 | total=241.855 box=0.635 cls=2.575 kpt=19.522 vis=1.537 | lr=0.00484 | 34.7 img/s | ETA 2141s
02:00:01 | INFO    | xtx.engine.trainer | E2/100 S1931/4244 | total=214.846 box=0.581 cls=2.545 kpt=17.312 vis=1.477 | lr=0.00485 | 34.7 img/s | ETA 2133s
02:00:12 | INFO    | xtx.engine.trainer | E2/100 S1941/4244 | total=235.425 box=0.596 cls=2.806 kpt=19.005 vis=1.489 | lr=0.00486 | 34.7 img/s | ETA 2125s
02:00:22 | INFO    | xtx.engine.trainer | E2/100 S1951/4244 | total=236.623 box=0.625 cls=2.557 kpt=19.091 vis=1.561 | lr=0.00486 | 34.7 img/s | ETA 2118s
02:00:33 | INFO    | xtx.engine.trainer | E2/100 S1961/4244 | total=234.940 box=0.622 cls=2.798 kpt=18.943 vis=1.560 | lr=0.00487 | 34.6 img/s | ETA 2110s
02:00:43 | INFO    | xtx.engine.trainer | E2/100 S1971/4244 | total=236.885 box=0.611 cls=2.699 kpt=19.111 vis=1.622 | lr=0.00488 | 34.6 img/s | ETA 2102s
02:00:54 | INFO    | xtx.engine.trainer | E2/100 S1981/4244 | total=240.260 box=0.600 cls=2.774 kpt=19.406 vis=1.503 | lr=0.00489 | 34.6 img/s | ETA 2094s
02:01:05 | INFO    | xtx.engine.trainer | E2/100 S1991/4244 | total=225.315 box=0.646 cls=2.666 kpt=18.130 vis=1.575 | lr=0.00490 | 34.6 img/s | ETA 2087s
02:01:15 | INFO    | xtx.engine.trainer | E2/100 S2001/4244 | total=223.604 box=0.628 cls=2.618 kpt=18.000 vis=1.582 | lr=0.00490 | 34.5 img/s | ETA 2079s
02:01:26 | INFO    | xtx.engine.trainer | E2/100 S2011/4244 | total=239.678 box=0.632 cls=2.636 kpt=19.338 vis=1.564 | lr=0.00491 | 34.5 img/s | ETA 2071s
02:01:36 | INFO    | xtx.engine.trainer | E2/100 S2021/4244 | total=225.339 box=0.654 cls=2.631 kpt=18.133 vis=1.520 | lr=0.00492 | 34.5 img/s | ETA 2063s
02:01:47 | INFO    | xtx.engine.trainer | E2/100 S2031/4244 | total=219.561 box=0.595 cls=2.604 kpt=17.689 vis=1.528 | lr=0.00493 | 34.5 img/s | ETA 2055s
02:01:58 | INFO    | xtx.engine.trainer | E2/100 S2041/4244 | total=229.246 box=0.619 cls=2.633 kpt=18.481 vis=1.513 | lr=0.00494 | 34.4 img/s | ETA 2048s
02:01:58 | INFO    | xtx.engine.checkpoint | Saved checkpoint -> runs\xtx-n\last.pt
02:02:08 | INFO    | xtx.engine.trainer | E2/100 S2051/4244 | total=227.338 box=0.622 cls=2.594 kpt=18.317 vis=1.568 | lr=0.00494 | 34.4 img/s | ETA 2040s
02:02:19 | INFO    | xtx.engine.trainer | E2/100 S2061/4244 | total=230.348 box=0.633 cls=2.625 kpt=18.559 vis=1.583 | lr=0.00495 | 34.4 img/s | ETA 2032s
02:02:29 | INFO    | xtx.engine.trainer | E2/100 S2071/4244 | total=229.803 box=0.607 cls=2.678 kpt=18.529 vis=1.561 | lr=0.00496 | 34.4 img/s | ETA 2024s
02:02:39 | INFO    | xtx.engine.trainer | E2/100 S2081/4244 | total=270.732 box=0.588 cls=2.680 kpt=21.955 vis=1.516 | lr=0.00497 | 34.3 img/s | ETA 2015s
02:02:50 | INFO    | xtx.engine.trainer | E2/100 S2091/4244 | total=229.490 box=0.570 cls=2.746 kpt=18.532 vis=1.452 | lr=0.00497 | 34.3 img/s | ETA 2007s
02:03:00 | INFO    | xtx.engine.trainer | E2/100 S2101/4244 | total=232.326 box=0.630 cls=2.708 kpt=18.724 vis=1.555 | lr=0.00498 | 34.3 img/s | ETA 1998s
02:03:10 | INFO    | xtx.engine.trainer | E2/100 S2111/4244 | total=237.407 box=0.627 cls=2.685 kpt=19.143 vis=1.648 | lr=0.00499 | 34.3 img/s | ETA 1990s
02:03:21 | INFO    | xtx.engine.trainer | E2/100 S2121/4244 | total=253.635 box=0.622 cls=2.607 kpt=20.511 vis=1.534 | lr=0.00500 | 34.3 img/s | ETA 1983s
02:03:32 | INFO    | xtx.engine.trainer | E2/100 S2131/4244 | total=224.480 box=0.586 cls=2.663 kpt=18.104 vis=1.504 | lr=0.00501 | 34.2 img/s | ETA 1975s
02:03:42 | INFO    | xtx.engine.trainer | E2/100 S2141/4244 | total=228.899 box=0.604 cls=2.708 kpt=18.456 vis=1.540 | lr=0.00501 | 34.2 img/s | ETA 1966s
02:03:53 | INFO    | xtx.engine.trainer | E2/100 S2151/4244 | total=236.640 box=0.556 cls=2.674 kpt=19.135 vis=1.514 | lr=0.00502 | 34.2 img/s | ETA 1958s
02:04:04 | INFO    | xtx.engine.trainer | E2/100 S2161/4244 | total=220.295 box=0.638 cls=2.675 kpt=17.722 vis=1.504 | lr=0.00503 | 34.2 img/s | ETA 1950s
02:04:14 | INFO    | xtx.engine.trainer | E2/100 S2171/4244 | total=223.124 box=0.604 cls=2.606 kpt=17.981 vis=1.524 | lr=0.00504 | 34.2 img/s | ETA 1942s
02:04:24 | INFO    | xtx.engine.trainer | E2/100 S2181/4244 | total=227.198 box=0.565 cls=2.707 kpt=18.339 vis=1.536 | lr=0.00505 | 34.1 img/s | ETA 1933s
02:04:35 | INFO    | xtx.engine.trainer | E2/100 S2191/4244 | total=223.943 box=0.625 cls=2.629 kpt=18.025 vis=1.643 | lr=0.00505 | 34.1 img/s | ETA 1925s
02:04:46 | INFO    | xtx.engine.trainer | E2/100 S2201/4244 | total=245.189 box=0.636 cls=2.724 kpt=19.791 vis=1.572 | lr=0.00506 | 34.1 img/s | ETA 1917s
02:04:56 | INFO    | xtx.engine.trainer | E2/100 S2211/4244 | total=242.433 box=0.615 cls=2.686 kpt=19.580 vis=1.525 | lr=0.00507 | 34.1 img/s | ETA 1908s
02:05:06 | INFO    | xtx.engine.trainer | E2/100 S2221/4244 | total=241.173 box=0.617 cls=2.743 kpt=19.469 vis=1.548 | lr=0.00508 | 34.1 img/s | ETA 1900s
02:05:17 | INFO    | xtx.engine.trainer | E2/100 S2231/4244 | total=230.019 box=0.645 cls=2.706 kpt=18.522 vis=1.563 | lr=0.00508 | 34.1 img/s | ETA 1892s
02:05:27 | INFO    | xtx.engine.trainer | E2/100 S2241/4244 | total=232.329 box=0.594 cls=2.652 kpt=18.744 vis=1.625 | lr=0.00509 | 34.0 img/s | ETA 1883s
02:05:38 | INFO    | xtx.engine.trainer | E2/100 S2251/4244 | total=232.548 box=0.645 cls=2.661 kpt=18.734 vis=1.571 | lr=0.00510 | 34.0 img/s | ETA 1875s
02:05:49 | INFO    | xtx.engine.trainer | E2/100 S2261/4244 | total=239.498 box=0.626 cls=2.654 kpt=19.329 vis=1.527 | lr=0.00511 | 34.0 img/s | ETA 1866s
02:05:59 | INFO    | xtx.engine.trainer | E2/100 S2271/4244 | total=221.221 box=0.603 cls=2.654 kpt=17.820 vis=1.535 | lr=0.00512 | 34.0 img/s | ETA 1858s
02:06:10 | INFO    | xtx.engine.trainer | E2/100 S2281/4244 | total=223.945 box=0.594 cls=2.708 kpt=18.049 vis=1.540 | lr=0.00512 | 34.0 img/s | ETA 1850s
02:06:20 | INFO    | xtx.engine.trainer | E2/100 S2291/4244 | total=232.133 box=0.593 cls=2.728 kpt=18.731 vis=1.554 | lr=0.00513 | 33.9 img/s | ETA 1841s
02:06:31 | INFO    | xtx.engine.trainer | E2/100 S2301/4244 | total=250.263 box=0.624 cls=2.676 kpt=20.217 vis=1.636 | lr=0.00514 | 33.9 img/s | ETA 1833s
02:06:42 | INFO    | xtx.engine.trainer | E2/100 S2311/4244 | total=227.721 box=0.589 cls=2.642 kpt=18.368 vis=1.567 | lr=0.00515 | 33.9 img/s | ETA 1825s
02:06:52 | INFO    | xtx.engine.trainer | E2/100 S2321/4244 | total=225.097 box=0.587 cls=2.706 kpt=18.154 vis=1.492 | lr=0.00516 | 33.9 img/s | ETA 1816s
02:06:59 | INFO    | xtx.engine.checkpoint | Saved checkpoint -> runs\xtx-n\last.pt
02:07:03 | INFO    | xtx.engine.trainer | E2/100 S2331/4244 | total=233.002 box=0.604 cls=2.695 kpt=18.805 vis=1.459 | lr=0.00516 | 33.9 img/s | ETA 1807s
02:07:13 | INFO    | xtx.engine.trainer | E2/100 S2341/4244 | total=237.909 box=0.616 cls=2.687 kpt=19.201 vis=1.537 | lr=0.00517 | 33.9 img/s | ETA 1798s
02:07:25 | INFO    | xtx.engine.trainer | E2/100 S2351/4244 | total=236.029 box=0.594 cls=2.713 kpt=19.056 vis=1.547 | lr=0.00518 | 33.8 img/s | ETA 1791s
02:07:36 | INFO    | xtx.engine.trainer | E2/100 S2361/4244 | total=230.676 box=0.644 cls=2.714 kpt=18.577 vis=1.565 | lr=0.00519 | 33.8 img/s | ETA 1783s
02:07:47 | INFO    | xtx.engine.trainer | E2/100 S2371/4244 | total=235.120 box=0.593 cls=2.720 kpt=18.973 vis=1.636 | lr=0.00519 | 33.8 img/s | ETA 1775s
06:56:53 | INFO    | xtx.engine.checkpoint | Saved checkpoint -> runs\xtx-n\last.pt
06:57:09 | INFO    | xtx.engine.trainer | E2/100 S2381/4244 | total=224.368 box=0.565 cls=2.761 kpt=18.110 vis=1.435 | lr=0.00520 | 3.9 img/s | ETA 15343s
06:57:27 | INFO    | xtx.engine.trainer | E2/100 S2391/4244 | total=229.181 box=0.651 cls=2.659 kpt=18.446 vis=1.624 | lr=0.00521 | 3.9 img/s | ETA 15210s
06:57:41 | INFO    | xtx.engine.trainer | E2/100 S2401/4244 | total=233.167 box=0.637 cls=2.694 kpt=18.791 vis=1.546 | lr=0.00522 | 3.9 img/s | ETA 15076s
06:57:56 | INFO    | xtx.engine.trainer | E2/100 S2411/4244 | total=220.545 box=0.628 cls=2.705 kpt=17.742 vis=1.571 | lr=0.00523 | 3.9 img/s | ETA 14943s
06:58:11 | INFO    | xtx.engine.trainer | E2/100 S2421/4244 | total=223.274 box=0.620 cls=2.647 kpt=17.979 vis=1.547 | lr=0.00523 | 3.9 img/s | ETA 14812s
06:58:25 | INFO    | xtx.engine.trainer | E2/100 S2431/4244 | total=246.169 box=0.593 cls=2.748 kpt=19.898 vis=1.571 | lr=0.00524 | 4.0 img/s | ETA 14680s
06:58:35 | INFO    | xtx.engine.trainer | E2/100 S2441/4244 | total=234.844 box=0.561 cls=2.680 kpt=18.984 vis=1.487 | lr=0.00525 | 4.0 img/s | ETA 14547s
06:58:45 | INFO    | xtx.engine.trainer | E2/100 S2451/4244 | total=230.299 box=0.642 cls=2.671 kpt=18.546 vis=1.591 | lr=0.00526 | 4.0 img/s | ETA 14415s
06:58:56 | INFO    | xtx.engine.trainer | E2/100 S2461/4244 | total=255.249 box=0.625 cls=2.634 kpt=20.644 vis=1.513 | lr=0.00527 | 4.0 img/s | ETA 14284s
06:59:06 | INFO    | xtx.engine.trainer | E2/100 S2471/4244 | total=225.892 box=0.597 cls=2.758 kpt=18.200 vis=1.635 | lr=0.00527 | 4.0 img/s | ETA 14154s
06:59:17 | INFO    | xtx.engine.trainer | E2/100 S2481/4244 | total=248.556 box=0.587 cls=2.709 kpt=20.102 vis=1.567 | lr=0.00528 | 4.0 img/s | ETA 14025s
06:59:28 | INFO    | xtx.engine.trainer | E2/100 S2491/4244 | total=264.085 box=0.634 cls=2.751 kpt=21.364 vis=1.584 | lr=0.00529 | 4.0 img/s | ETA 13897s
06:59:38 | INFO    | xtx.engine.trainer | E2/100 S2501/4244 | total=225.976 box=0.593 cls=2.661 kpt=18.214 vis=1.636 | lr=0.00530 | 4.1 img/s | ETA 13769s
06:59:49 | INFO    | xtx.engine.trainer | E2/100 S2511/4244 | total=225.254 box=0.592 cls=2.655 kpt=18.162 vis=1.542 | lr=0.00530 | 4.1 img/s | ETA 13643s
06:59:59 | INFO    | xtx.engine.trainer | E2/100 S2521/4244 | total=227.712 box=0.558 cls=2.637 kpt=18.391 vis=1.526 | lr=0.00531 | 4.1 img/s | ETA 13518s
07:00:10 | INFO    | xtx.engine.trainer | E2/100 S2531/4244 | total=234.828 box=0.577 cls=2.712 kpt=18.972 vis=1.487 | lr=0.00532 | 4.1 img/s | ETA 13393s
07:00:20 | INFO    | xtx.engine.trainer | E2/100 S2541/4244 | total=224.880 box=0.609 cls=2.699 kpt=18.116 vis=1.579 | lr=0.00533 | 4.1 img/s | ETA 13270s
07:00:31 | INFO    | xtx.engine.trainer | E2/100 S2551/4244 | total=229.512 box=0.557 cls=2.708 kpt=18.542 vis=1.478 | lr=0.00534 | 4.1 img/s | ETA 13147s
07:00:41 | INFO    | xtx.engine.trainer | E2/100 S2561/4244 | total=232.323 box=0.571 cls=2.666 kpt=18.764 vis=1.544 | lr=0.00534 | 4.1 img/s | ETA 13025s
07:00:51 | INFO    | xtx.engine.trainer | E2/100 S2571/4244 | total=238.697 box=0.577 cls=2.832 kpt=19.285 vis=1.534 | lr=0.00535 | 4.1 img/s | ETA 12904s
07:01:02 | INFO    | xtx.engine.trainer | E2/100 S2581/4244 | total=232.482 box=0.624 cls=2.689 kpt=18.741 vis=1.563 | lr=0.00536 | 4.2 img/s | ETA 12784s
07:01:13 | INFO    | xtx.engine.trainer | E2/100 S2591/4244 | total=223.979 box=0.587 cls=2.712 kpt=18.057 vis=1.538 | lr=0.00537 | 4.2 img/s | ETA 12665s
07:01:23 | INFO    | xtx.engine.trainer | E2/100 S2601/4244 | total=230.260 box=0.600 cls=2.733 kpt=18.569 vis=1.560 | lr=0.00538 | 4.2 img/s | ETA 12547s
07:01:34 | INFO    | xtx.engine.trainer | E2/100 S2611/4244 | total=220.560 box=0.585 cls=2.561 kpt=17.784 vis=1.475 | lr=0.00538 | 4.2 img/s | ETA 12429s
07:01:45 | INFO    | xtx.engine.trainer | E2/100 S2621/4244 | total=249.487 box=0.548 cls=2.693 kpt=20.208 vis=1.535 | lr=0.00539 | 4.2 img/s | ETA 12313s
07:01:55 | INFO    | xtx.engine.checkpoint | Saved checkpoint -> runs\xtx-n\last.pt
07:01:57 | INFO    | xtx.engine.trainer | E2/100 S2631/4244 | total=219.245 box=0.607 cls=2.647 kpt=17.649 vis=1.578 | lr=0.00540 | 4.2 img/s | ETA 12198s
07:02:08 | INFO    | xtx.engine.trainer | E2/100 S2641/4244 | total=240.188 box=0.587 cls=2.636 kpt=19.408 vis=1.570 | lr=0.00541 | 4.2 img/s | ETA 12083s
07:02:19 | INFO    | xtx.engine.trainer | E2/100 S2651/4244 | total=226.932 box=0.597 cls=2.599 kpt=18.302 vis=1.536 | lr=0.00541 | 4.3 img/s | ETA 11969s
07:02:30 | INFO    | xtx.engine.trainer | E2/100 S2661/4244 | total=227.488 box=0.584 cls=2.692 kpt=18.355 vis=1.503 | lr=0.00542 | 4.3 img/s | ETA 11856s
07:02:40 | INFO    | xtx.engine.trainer | E2/100 S2671/4244 | total=228.833 box=0.576 cls=2.671 kpt=18.473 vis=1.493 | lr=0.00543 | 4.3 img/s | ETA 11743s
07:02:51 | INFO    | xtx.engine.trainer | E2/100 S2681/4244 | total=243.608 box=0.577 cls=2.619 kpt=19.704 vis=1.531 | lr=0.00544 | 4.3 img/s | ETA 11631s
07:03:00 | INFO    | xtx.engine.trainer | E2/100 S2691/4244 | total=223.888 box=0.622 cls=2.562 kpt=18.035 vis=1.516 | lr=0.00545 | 4.3 img/s | ETA 11519s
07:03:10 | INFO    | xtx.engine.trainer | E2/100 S2701/4244 | total=225.488 box=0.609 cls=2.666 kpt=18.167 vis=1.578 | lr=0.00545 | 4.3 img/s | ETA 11408s
07:03:20 | INFO    | xtx.engine.trainer | E2/100 S2711/4244 | total=239.414 box=0.586 cls=2.751 kpt=19.343 vis=1.532 | lr=0.00546 | 4.3 img/s | ETA 11298s
07:03:30 | INFO    | xtx.engine.trainer | E2/100 S2721/4244 | total=245.723 box=0.635 cls=2.692 kpt=19.837 vis=1.567 | lr=0.00547 | 4.4 img/s | ETA 11188s
07:03:40 | INFO    | xtx.engine.trainer | E2/100 S2731/4244 | total=222.301 box=0.624 cls=2.605 kpt=17.899 vis=1.523 | lr=0.00548 | 4.4 img/s | ETA 11080s
07:03:50 | INFO    | xtx.engine.trainer | E2/100 S2741/4244 | total=225.143 box=0.617 cls=2.619 kpt=18.141 vis=1.510 | lr=0.00549 | 4.4 img/s | ETA 10972s
07:04:00 | INFO    | xtx.engine.trainer | E2/100 S2751/4244 | total=239.395 box=0.605 cls=2.666 kpt=19.326 vis=1.617 | lr=0.00549 | 4.4 img/s | ETA 10865s
07:04:09 | INFO    | xtx.engine.trainer | E2/100 S2761/4244 | total=246.424 box=0.591 cls=2.675 kpt=19.936 vis=1.418 | lr=0.00550 | 4.4 img/s | ETA 10758s
07:04:19 | INFO    | xtx.engine.trainer | E2/100 S2771/4244 | total=222.762 box=0.595 cls=2.620 kpt=17.957 vis=1.501 | lr=0.00551 | 4.4 img/s | ETA 10652s
07:04:29 | INFO    | xtx.engine.trainer | E2/100 S2781/4244 | total=222.953 box=0.616 cls=2.566 kpt=17.956 vis=1.577 | lr=0.00552 | 4.4 img/s | ETA 10547s
07:04:39 | INFO    | xtx.engine.trainer | E2/100 S2791/4244 | total=258.467 box=0.593 cls=2.735 kpt=20.924 vis=1.560 | lr=0.00552 | 4.5 img/s | ETA 10442s
07:04:48 | INFO    | xtx.engine.trainer | E2/100 S2801/4244 | total=221.525 box=0.605 cls=2.672 kpt=17.844 vis=1.527 | lr=0.00553 | 4.5 img/s | ETA 10338s
07:04:58 | INFO    | xtx.engine.trainer | E2/100 S2811/4244 | total=225.598 box=0.603 cls=2.618 kpt=18.183 vis=1.569 | lr=0.00554 | 4.5 img/s | ETA 10235s
07:05:08 | INFO    | xtx.engine.trainer | E2/100 S2821/4244 | total=232.955 box=0.614 cls=2.683 kpt=18.786 vis=1.576 | lr=0.00555 | 4.5 img/s | ETA 10132s
07:05:17 | INFO    | xtx.engine.trainer | E2/100 S2831/4244 | total=227.159 box=0.600 cls=2.607 kpt=18.315 vis=1.580 | lr=0.00556 | 4.5 img/s | ETA 10030s
07:05:26 | INFO    | xtx.engine.trainer | E2/100 S2841/4244 | total=226.317 box=0.600 cls=2.640 kpt=18.244 vis=1.575 | lr=0.00556 | 4.5 img/s | ETA 9929s
07:05:35 | INFO    | xtx.engine.trainer | E2/100 S2851/4244 | total=225.602 box=0.598 cls=2.650 kpt=18.192 vis=1.486 | lr=0.00557 | 4.5 img/s | ETA 9828s
07:05:45 | INFO    | xtx.engine.trainer | E2/100 S2861/4244 | total=234.961 box=0.626 cls=2.739 kpt=18.941 vis=1.603 | lr=0.00558 | 4.5 img/s | ETA 9728s
07:05:55 | INFO    | xtx.engine.trainer | E2/100 S2871/4244 | total=268.654 box=0.567 cls=2.715 kpt=21.792 vis=1.542 | lr=0.00559 | 4.6 img/s | ETA 9629s
07:06:04 | INFO    | xtx.engine.trainer | E2/100 S2881/4244 | total=233.759 box=0.596 cls=2.731 kpt=18.873 vis=1.448 | lr=0.00560 | 4.6 img/s | ETA 9530s
07:06:15 | INFO    | xtx.engine.trainer | E2/100 S2891/4244 | total=215.699 box=0.621 cls=2.548 kpt=17.350 vis=1.567 | lr=0.00560 | 4.6 img/s | ETA 9432s
07:06:25 | INFO    | xtx.engine.trainer | E2/100 S2901/4244 | total=229.048 box=0.616 cls=2.615 kpt=18.462 vis=1.569 | lr=0.00561 | 4.6 img/s | ETA 9335s
07:06:35 | INFO    | xtx.engine.trainer | E2/100 S2911/4244 | total=230.654 box=0.615 cls=2.736 kpt=18.591 vis=1.584 | lr=0.00562 | 4.6 img/s | ETA 9238s
07:06:44 | INFO    | xtx.engine.trainer | E2/100 S2921/4244 | total=232.710 box=0.629 cls=2.658 kpt=18.761 vis=1.523 | lr=0.00563 | 4.6 img/s | ETA 9142s
07:06:55 | INFO    | xtx.engine.trainer | E2/100 S2931/4244 | total=221.415 box=0.586 cls=2.632 kpt=17.848 vis=1.533 | lr=0.00563 | 4.6 img/s | ETA 9047s
07:06:55 | INFO    | xtx.engine.checkpoint | Saved checkpoint -> runs\xtx-n\last.pt
07:07:06 | INFO    | xtx.engine.trainer | E2/100 S2941/4244 | total=235.208 box=0.592 cls=2.663 kpt=18.993 vis=1.520 | lr=0.00564 | 4.7 img/s | ETA 8952s
07:07:16 | INFO    | xtx.engine.trainer | E2/100 S2951/4244 | total=232.953 box=0.569 cls=2.672 kpt=18.817 vis=1.544 | lr=0.00565 | 4.7 img/s | ETA 8857s
07:07:26 | INFO    | xtx.engine.trainer | E2/100 S2961/4244 | total=263.770 box=0.565 cls=2.705 kpt=21.386 vis=1.545 | lr=0.00566 | 4.7 img/s | ETA 8764s
07:07:36 | INFO    | xtx.engine.trainer | E2/100 S2971/4244 | total=232.850 box=0.604 cls=2.620 kpt=18.784 vis=1.602 | lr=0.00567 | 4.7 img/s | ETA 8670s
07:07:46 | INFO    | xtx.engine.trainer | E2/100 S2981/4244 | total=218.633 box=0.590 cls=2.639 kpt=17.616 vis=1.500 | lr=0.00567 | 4.7 img/s | ETA 8577s
07:07:55 | INFO    | xtx.engine.trainer | E2/100 S2991/4244 | total=235.390 box=0.589 cls=2.714 kpt=19.008 vis=1.516 | lr=0.00568 | 4.7 img/s | ETA 8485s
07:08:05 | INFO    | xtx.engine.trainer | E2/100 S3001/4244 | total=230.073 box=0.606 cls=2.640 kpt=18.559 vis=1.506 | lr=0.00569 | 4.7 img/s | ETA 8393s
07:08:14 | INFO    | xtx.engine.trainer | E2/100 S3011/4244 | total=235.460 box=0.629 cls=2.583 kpt=18.992 vis=1.539 | lr=0.00570 | 4.8 img/s | ETA 8302s
07:08:25 | INFO    | xtx.engine.trainer | E2/100 S3021/4244 | total=251.189 box=0.559 cls=2.630 kpt=20.348 vis=1.510 | lr=0.00571 | 4.8 img/s | ETA 8212s
07:08:35 | INFO    | xtx.engine.trainer | E2/100 S3031/4244 | total=230.835 box=0.633 cls=2.699 kpt=18.596 vis=1.587 | lr=0.00571 | 4.8 img/s | ETA 8122s
07:08:45 | INFO    | xtx.engine.trainer | E2/100 S3041/4244 | total=222.887 box=0.619 cls=2.700 kpt=17.946 vis=1.547 | lr=0.00572 | 4.8 img/s | ETA 8032s
07:08:55 | INFO    | xtx.engine.trainer | E2/100 S3051/4244 | total=224.457 box=0.634 cls=2.589 kpt=18.071 vis=1.561 | lr=0.00573 | 4.8 img/s | ETA 7943s
07:09:05 | INFO    | xtx.engine.trainer | E2/100 S3061/4244 | total=225.845 box=0.578 cls=2.673 kpt=18.221 vis=1.524 | lr=0.00574 | 4.8 img/s | ETA 7855s
07:09:15 | INFO    | xtx.engine.trainer | E2/100 S3071/4244 | total=244.451 box=0.587 cls=2.673 kpt=19.767 vis=1.507 | lr=0.00574 | 4.8 img/s | ETA 7767s
07:09:26 | INFO    | xtx.engine.trainer | E2/100 S3081/4244 | total=215.443 box=0.600 cls=2.574 kpt=17.347 vis=1.496 | lr=0.00575 | 4.8 img/s | ETA 7680s
07:09:36 | INFO    | xtx.engine.trainer | E2/100 S3091/4244 | total=242.920 box=0.584 cls=2.682 kpt=19.635 vis=1.578 | lr=0.00576 | 4.9 img/s | ETA 7593s
07:09:46 | INFO    | xtx.engine.trainer | E2/100 S3101/4244 | total=230.847 box=0.580 cls=2.671 kpt=18.641 vis=1.471 | lr=0.00577 | 4.9 img/s | ETA 7507s
07:09:56 | INFO    | xtx.engine.trainer | E2/100 S3111/4244 | total=242.073 box=0.619 cls=2.684 kpt=19.546 vis=1.541 | lr=0.00578 | 4.9 img/s | ETA 7421s
07:10:07 | INFO    | xtx.engine.trainer | E2/100 S3121/4244 | total=220.933 box=0.547 cls=2.583 kpt=17.837 vis=1.489 | lr=0.00578 | 4.9 img/s | ETA 7335s
07:10:17 | INFO    | xtx.engine.trainer | E2/100 S3131/4244 | total=226.844 box=0.571 cls=2.636 kpt=18.312 vis=1.499 | lr=0.00579 | 4.9 img/s | ETA 7250s
07:10:27 | INFO    | xtx.engine.trainer | E2/100 S3141/4244 | total=225.441 box=0.623 cls=2.595 kpt=18.160 vis=1.550 | lr=0.00580 | 4.9 img/s | ETA 7166s
07:10:37 | INFO    | xtx.engine.trainer | E2/100 S3151/4244 | total=228.558 box=0.583 cls=2.643 kpt=18.442 vis=1.555 | lr=0.00581 | 4.9 img/s | ETA 7082s
07:10:47 | INFO    | xtx.engine.trainer | E2/100 S3161/4244 | total=227.200 box=0.575 cls=2.682 kpt=18.340 vis=1.465 | lr=0.00582 | 5.0 img/s | ETA 6998s
07:10:56 | INFO    | xtx.engine.trainer | E2/100 S3171/4244 | total=268.130 box=0.597 cls=2.639 kpt=21.727 vis=1.603 | lr=0.00582 | 5.0 img/s | ETA 6915s
07:11:07 | INFO    | xtx.engine.trainer | E2/100 S3181/4244 | total=213.341 box=0.603 cls=2.597 kpt=17.170 vis=1.485 | lr=0.00583 | 5.0 img/s | ETA 6833s
07:11:17 | INFO    | xtx.engine.trainer | E2/100 S3191/4244 | total=232.353 box=0.585 cls=2.677 kpt=18.760 vis=1.508 | lr=0.00584 | 5.0 img/s | ETA 6750s
07:11:27 | INFO    | xtx.engine.trainer | E2/100 S3201/4244 | total=256.012 box=0.571 cls=2.779 kpt=20.731 vis=1.563 | lr=0.00585 | 5.0 img/s | ETA 6669s
07:11:37 | INFO    | xtx.engine.trainer | E2/100 S3211/4244 | total=222.208 box=0.593 cls=2.653 kpt=17.905 vis=1.577 | lr=0.00585 | 5.0 img/s | ETA 6587s
07:11:46 | INFO    | xtx.engine.trainer | E2/100 S3221/4244 | total=225.022 box=0.624 cls=2.667 kpt=18.133 vis=1.415 | lr=0.00586 | 5.0 img/s | ETA 6506s
07:11:56 | INFO    | xtx.engine.trainer | E2/100 S3231/4244 | total=224.214 box=0.546 cls=2.630 kpt=18.112 vis=1.462 | lr=0.00587 | 5.0 img/s | ETA 6426s
07:11:56 | INFO    | xtx.engine.checkpoint | Saved checkpoint -> runs\xtx-n\last.pt
07:12:06 | INFO    | xtx.engine.trainer | E2/100 S3241/4244 | total=235.678 box=0.584 cls=2.674 kpt=19.038 vis=1.503 | lr=0.00588 | 5.1 img/s | ETA 6346s
07:12:16 | INFO    | xtx.engine.trainer | E2/100 S3251/4244 | total=219.906 box=0.584 cls=2.646 kpt=17.733 vis=1.414 | lr=0.00589 | 5.1 img/s | ETA 6266s
07:12:26 | INFO    | xtx.engine.trainer | E2/100 S3261/4244 | total=238.030 box=0.585 cls=2.697 kpt=19.226 vis=1.586 | lr=0.00589 | 5.1 img/s | ETA 6187s
07:12:37 | INFO    | xtx.engine.trainer | E2/100 S3271/4244 | total=216.501 box=0.591 cls=2.573 kpt=17.443 vis=1.459 | lr=0.00590 | 5.1 img/s | ETA 6109s
07:12:46 | INFO    | xtx.engine.trainer | E2/100 S3281/4244 | total=227.280 box=0.588 cls=2.671 kpt=18.332 vis=1.552 | lr=0.00591 | 5.1 img/s | ETA 6030s
07:12:56 | INFO    | xtx.engine.trainer | E2/100 S3291/4244 | total=244.660 box=0.547 cls=2.687 kpt=19.811 vis=1.477 | lr=0.00592 | 5.1 img/s | ETA 5952s
07:13:06 | INFO    | xtx.engine.trainer | E2/100 S3301/4244 | total=230.516 box=0.618 cls=2.623 kpt=18.591 vis=1.482 | lr=0.00593 | 5.1 img/s | ETA 5875s
07:13:16 | INFO    | xtx.engine.trainer | E2/100 S3311/4244 | total=265.287 box=0.583 cls=2.649 kpt=21.508 vis=1.497 | lr=0.00593 | 5.1 img/s | ETA 5798s
07:13:27 | INFO    | xtx.engine.trainer | E2/100 S3321/4244 | total=221.642 box=0.556 cls=2.658 kpt=17.885 vis=1.514 | lr=0.00594 | 5.2 img/s | ETA 5721s
07:13:37 | INFO    | xtx.engine.trainer | E2/100 S3331/4244 | total=221.815 box=0.634 cls=2.595 kpt=17.850 vis=1.559 | lr=0.00595 | 5.2 img/s | ETA 5645s
07:13:46 | INFO    | xtx.engine.trainer | E2/100 S3341/4244 | total=242.355 box=0.586 cls=2.827 kpt=19.580 vis=1.590 | lr=0.00596 | 5.2 img/s | ETA 5569s
07:13:56 | INFO    | xtx.engine.trainer | E2/100 S3351/4244 | total=239.395 box=0.596 cls=2.699 kpt=19.335 vis=1.558 | lr=0.00596 | 5.2 img/s | ETA 5494s
07:14:05 | INFO    | xtx.engine.trainer | E2/100 S3361/4244 | total=224.248 box=0.601 cls=2.587 kpt=18.084 vis=1.444 | lr=0.00597 | 5.2 img/s | ETA 5418s
07:14:15 | INFO    | xtx.engine.trainer | E2/100 S3371/4244 | total=228.205 box=0.572 cls=2.691 kpt=18.419 vis=1.550 | lr=0.00598 | 5.2 img/s | ETA 5344s
07:14:24 | INFO    | xtx.engine.trainer | E2/100 S3381/4244 | total=248.853 box=0.635 cls=2.734 kpt=20.101 vis=1.510 | lr=0.00599 | 5.2 img/s | ETA 5269s
07:14:34 | INFO    | xtx.engine.trainer | E2/100 S3391/4244 | total=234.332 box=0.591 cls=2.579 kpt=18.924 vis=1.520 | lr=0.00600 | 5.3 img/s | ETA 5195s
07:14:44 | INFO    | xtx.engine.trainer | E2/100 S3401/4244 | total=245.196 box=0.584 cls=2.671 kpt=19.827 vis=1.551 | lr=0.00600 | 5.3 img/s | ETA 5122s
07:14:54 | INFO    | xtx.engine.trainer | E2/100 S3411/4244 | total=221.643 box=0.623 cls=2.664 kpt=17.837 vis=1.599 | lr=0.00601 | 5.3 img/s | ETA 5049s
07:15:03 | INFO    | xtx.engine.trainer | E2/100 S3421/4244 | total=230.418 box=0.576 cls=2.642 kpt=18.602 vis=1.551 | lr=0.00602 | 5.3 img/s | ETA 4976s
07:15:13 | INFO    | xtx.engine.trainer | E2/100 S3431/4244 | total=225.892 box=0.570 cls=2.662 kpt=18.233 vis=1.490 | lr=0.00603 | 5.3 img/s | ETA 4903s
07:15:23 | INFO    | xtx.engine.trainer | E2/100 S3441/4244 | total=232.275 box=0.610 cls=2.639 kpt=18.736 vis=1.546 | lr=0.00604 | 5.3 img/s | ETA 4831s
07:15:33 | INFO    | xtx.engine.trainer | E2/100 S3451/4244 | total=230.960 box=0.636 cls=2.624 kpt=18.610 vis=1.555 | lr=0.00604 | 5.3 img/s | ETA 4760s
07:15:43 | INFO    | xtx.engine.trainer | E2/100 S3461/4244 | total=227.879 box=0.560 cls=2.650 kpt=18.402 vis=1.532 | lr=0.00605 | 5.3 img/s | ETA 4688s
07:15:53 | INFO    | xtx.engine.trainer | E2/100 S3471/4244 | total=227.303 box=0.544 cls=2.641 kpt=18.370 vis=1.464 | lr=0.00606 | 5.4 img/s | ETA 4617s
07:16:03 | INFO    | xtx.engine.trainer | E2/100 S3481/4244 | total=260.768 box=0.587 cls=2.653 kpt=21.127 vis=1.513 | lr=0.00607 | 5.4 img/s | ETA 4547s
07:16:13 | INFO    | xtx.engine.trainer | E2/100 S3491/4244 | total=228.499 box=0.574 cls=2.611 kpt=18.452 vis=1.465 | lr=0.00607 | 5.4 img/s | ETA 4476s
07:16:23 | INFO    | xtx.engine.trainer | E2/100 S3501/4244 | total=223.369 box=0.579 cls=2.672 kpt=18.018 vis=1.479 | lr=0.00608 | 5.4 img/s | ETA 4406s
07:16:34 | INFO    | xtx.engine.trainer | E2/100 S3511/4244 | total=237.020 box=0.587 cls=2.744 kpt=19.146 vis=1.490 | lr=0.00609 | 5.4 img/s | ETA 4337s
07:16:44 | INFO    | xtx.engine.trainer | E2/100 S3521/4244 | total=233.607 box=0.567 cls=2.654 kpt=18.884 vis=1.428 | lr=0.00610 | 5.4 img/s | ETA 4268s
07:16:55 | INFO    | xtx.engine.trainer | E2/100 S3531/4244 | total=219.367 box=0.590 cls=2.663 kpt=17.676 vis=1.502 | lr=0.00611 | 5.4 img/s | ETA 4199s
07:16:57 | INFO    | xtx.engine.checkpoint | Saved checkpoint -> runs\xtx-n\last.pt
07:17:05 | INFO    | xtx.engine.trainer | E2/100 S3541/4244 | total=220.628 box=0.619 cls=2.628 kpt=17.768 vis=1.463 | lr=0.00611 | 5.4 img/s | ETA 4130s
07:17:15 | INFO    | xtx.engine.trainer | E2/100 S3551/4244 | total=226.510 box=0.555 cls=2.659 kpt=18.295 vis=1.485 | lr=0.00612 | 5.5 img/s | ETA 4062s
07:17:24 | INFO    | xtx.engine.trainer | E2/100 S3561/4244 | total=229.821 box=0.564 cls=2.605 kpt=18.559 vis=1.573 | lr=0.00613 | 5.5 img/s | ETA 3994s
07:17:34 | INFO    | xtx.engine.trainer | E2/100 S3571/4244 | total=230.516 box=0.555 cls=2.677 kpt=18.634 vis=1.406 | lr=0.00614 | 5.5 img/s | ETA 3926s
07:17:44 | INFO    | xtx.engine.trainer | E2/100 S3581/4244 | total=230.260 box=0.601 cls=2.695 kpt=18.571 vis=1.550 | lr=0.00615 | 5.5 img/s | ETA 3859s
07:17:55 | INFO    | xtx.engine.trainer | E2/100 S3591/4244 | total=228.479 box=0.579 cls=2.640 kpt=18.442 vis=1.512 | lr=0.00615 | 5.5 img/s | ETA 3792s
07:18:05 | INFO    | xtx.engine.trainer | E2/100 S3601/4244 | total=223.240 box=0.602 cls=2.608 kpt=17.990 vis=1.543 | lr=0.00616 | 5.5 img/s | ETA 3726s
07:18:15 | INFO    | xtx.engine.trainer | E2/100 S3611/4244 | total=242.104 box=0.585 cls=2.625 kpt=19.577 vis=1.482 | lr=0.00617 | 5.5 img/s | ETA 3659s
07:18:25 | INFO    | xtx.engine.trainer | E2/100 S3621/4244 | total=247.215 box=0.613 cls=2.582 kpt=19.981 vis=1.558 | lr=0.00618 | 5.5 img/s | ETA 3593s
07:18:35 | INFO    | xtx.engine.trainer | E2/100 S3631/4244 | total=220.657 box=0.586 cls=2.651 kpt=17.787 vis=1.497 | lr=0.00618 | 5.6 img/s | ETA 3528s
07:18:46 | INFO    | xtx.engine.trainer | E2/100 S3641/4244 | total=228.289 box=0.598 cls=2.666 kpt=18.413 vis=1.520 | lr=0.00619 | 5.6 img/s | ETA 3462s
07:18:56 | INFO    | xtx.engine.trainer | E2/100 S3651/4244 | total=226.328 box=0.582 cls=2.731 kpt=18.255 vis=1.540 | lr=0.00620 | 5.6 img/s | ETA 3397s
07:19:05 | INFO    | xtx.engine.trainer | E2/100 S3661/4244 | total=240.672 box=0.562 cls=2.663 kpt=19.472 vis=1.459 | lr=0.00621 | 5.6 img/s | ETA 3332s
07:19:15 | INFO    | xtx.engine.trainer | E2/100 S3671/4244 | total=230.404 box=0.630 cls=2.640 kpt=18.564 vis=1.588 | lr=0.00622 | 5.6 img/s | ETA 3268s
07:19:25 | INFO    | xtx.engine.trainer | E2/100 S3681/4244 | total=222.681 box=0.584 cls=2.659 kpt=17.960 vis=1.458 | lr=0.00622 | 5.6 img/s | ETA 3203s
07:19:35 | INFO    | xtx.engine.trainer | E2/100 S3691/4244 | total=227.428 box=0.571 cls=2.686 kpt=18.362 vis=1.452 | lr=0.00623 | 5.6 img/s | ETA 3139s
07:19:45 | INFO    | xtx.engine.trainer | E2/100 S3701/4244 | total=224.173 box=0.602 cls=2.617 kpt=18.070 vis=1.511 | lr=0.00624 | 5.6 img/s | ETA 3076s
07:19:54 | INFO    | xtx.engine.trainer | E2/100 S3711/4244 | total=240.809 box=0.571 cls=2.642 kpt=19.471 vis=1.546 | lr=0.00625 | 5.7 img/s | ETA 3012s
07:20:04 | INFO    | xtx.engine.trainer | E2/100 S3721/4244 | total=225.977 box=0.580 cls=2.733 kpt=18.234 vis=1.448 | lr=0.00626 | 5.7 img/s | ETA 2949s
07:20:14 | INFO    | xtx.engine.trainer | E2/100 S3731/4244 | total=222.302 box=0.589 cls=2.634 kpt=17.921 vis=1.517 | lr=0.00626 | 5.7 img/s | ETA 2887s
07:20:24 | INFO    | xtx.engine.trainer | E2/100 S3741/4244 | total=218.846 box=0.589 cls=2.674 kpt=17.633 vis=1.490 | lr=0.00627 | 5.7 img/s | ETA 2824s
07:20:34 | INFO    | xtx.engine.trainer | E2/100 S3751/4244 | total=236.634 box=0.548 cls=2.731 kpt=19.141 vis=1.463 | lr=0.00628 | 5.7 img/s | ETA 2762s
07:20:44 | INFO    | xtx.engine.trainer | E2/100 S3761/4244 | total=252.062 box=0.581 cls=2.629 kpt=20.408 vis=1.491 | lr=0.00629 | 5.7 img/s | ETA 2700s
07:20:54 | INFO    | xtx.engine.trainer | E2/100 S3771/4244 | total=240.450 box=0.587 cls=2.724 kpt=19.438 vis=1.428 | lr=0.00629 | 5.7 img/s | ETA 2638s
07:21:04 | INFO    | xtx.engine.trainer | E2/100 S3781/4244 | total=225.079 box=0.581 cls=2.600 kpt=18.164 vis=1.457 | lr=0.00630 | 5.7 img/s | ETA 2577s
07:21:14 | INFO    | xtx.engine.trainer | E2/100 S3791/4244 | total=227.985 box=0.577 cls=2.705 kpt=18.395 vis=1.562 | lr=0.00631 | 5.8 img/s | ETA 2516s
07:21:24 | INFO    | xtx.engine.trainer | E2/100 S3801/4244 | total=232.395 box=0.565 cls=2.670 kpt=18.777 vis=1.502 | lr=0.00632 | 5.8 img/s | ETA 2455s
07:21:34 | INFO    | xtx.engine.trainer | E2/100 S3811/4244 | total=229.441 box=0.550 cls=2.647 kpt=18.542 vis=1.492 | lr=0.00633 | 5.8 img/s | ETA 2394s
07:21:44 | INFO    | xtx.engine.trainer | E2/100 S3821/4244 | total=257.292 box=0.615 cls=2.544 kpt=20.824 vis=1.517 | lr=0.00633 | 5.8 img/s | ETA 2334s
07:21:55 | INFO    | xtx.engine.trainer | E2/100 S3831/4244 | total=234.719 box=0.599 cls=2.695 kpt=18.945 vis=1.542 | lr=0.00634 | 5.8 img/s | ETA 2274s
07:21:58 | INFO    | xtx.engine.checkpoint | Saved checkpoint -> runs\xtx-n\last.pt
07:22:05 | INFO    | xtx.engine.trainer | E2/100 S3841/4244 | total=239.975 box=0.581 cls=2.634 kpt=19.394 vis=1.569 | lr=0.00635 | 5.8 img/s | ETA 2214s
07:22:14 | INFO    | xtx.engine.trainer | E2/100 S3851/4244 | total=226.022 box=0.568 cls=2.665 kpt=18.245 vis=1.490 | lr=0.00636 | 5.8 img/s | ETA 2155s
07:22:24 | INFO    | xtx.engine.trainer | E2/100 S3861/4244 | total=226.167 box=0.604 cls=2.661 kpt=18.226 vis=1.596 | lr=0.00637 | 5.8 img/s | ETA 2095s
07:22:34 | INFO    | xtx.engine.trainer | E2/100 S3871/4244 | total=235.974 box=0.562 cls=2.646 kpt=19.079 vis=1.492 | lr=0.00637 | 5.9 img/s | ETA 2036s
07:22:44 | INFO    | xtx.engine.trainer | E2/100 S3881/4244 | total=225.683 box=0.564 cls=2.677 kpt=18.223 vis=1.439 | lr=0.00638 | 5.9 img/s | ETA 1978s
07:22:54 | INFO    | xtx.engine.trainer | E2/100 S3891/4244 | total=223.561 box=0.604 cls=2.637 kpt=18.015 vis=1.530 | lr=0.00639 | 5.9 img/s | ETA 1919s
07:23:05 | INFO    | xtx.engine.trainer | E2/100 S3901/4244 | total=220.958 box=0.559 cls=2.599 kpt=17.833 vis=1.471 | lr=0.00640 | 5.9 img/s | ETA 1861s
07:23:15 | INFO    | xtx.engine.trainer | E2/100 S3911/4244 | total=232.375 box=0.548 cls=2.563 kpt=18.798 vis=1.412 | lr=0.00640 | 5.9 img/s | ETA 1803s
07:23:25 | INFO    | xtx.engine.trainer | E2/100 S3921/4244 | total=240.036 box=0.567 cls=2.746 kpt=19.413 vis=1.451 | lr=0.00641 | 5.9 img/s | ETA 1745s
07:23:35 | INFO    | xtx.engine.trainer | E2/100 S3931/4244 | total=251.385 box=0.597 cls=2.605 kpt=20.334 vis=1.591 | lr=0.00642 | 5.9 img/s | ETA 1688s
07:23:45 | INFO    | xtx.engine.trainer | E2/100 S3941/4244 | total=221.357 box=0.613 cls=2.561 kpt=17.825 vis=1.575 | lr=0.00643 | 5.9 img/s | ETA 1630s
07:23:56 | INFO    | xtx.engine.trainer | E2/100 S3951/4244 | total=243.554 box=0.585 cls=2.637 kpt=19.697 vis=1.483 | lr=0.00644 | 6.0 img/s | ETA 1573s
07:24:06 | INFO    | xtx.engine.trainer | E2/100 S3961/4244 | total=232.566 box=0.606 cls=2.584 kpt=18.764 vis=1.559 | lr=0.00644 | 6.0 img/s | ETA 1516s
07:24:16 | INFO    | xtx.engine.trainer | E2/100 S3971/4244 | total=246.643 box=0.638 cls=2.602 kpt=19.914 vis=1.585 | lr=0.00645 | 6.0 img/s | ETA 1460s
07:24:26 | INFO    | xtx.engine.trainer | E2/100 S3981/4244 | total=219.851 box=0.559 cls=2.661 kpt=17.737 vis=1.488 | lr=0.00646 | 6.0 img/s | ETA 1404s
07:24:37 | INFO    | xtx.engine.trainer | E2/100 S3991/4244 | total=234.928 box=0.554 cls=2.657 kpt=18.993 vis=1.526 | lr=0.00647 | 6.0 img/s | ETA 1347s
07:24:47 | INFO    | xtx.engine.trainer | E2/100 S4001/4244 | total=236.335 box=0.623 cls=2.652 kpt=19.066 vis=1.542 | lr=0.00648 | 6.0 img/s | ETA 1292s
07:24:56 | INFO    | xtx.engine.trainer | E2/100 S4011/4244 | total=230.294 box=0.592 cls=2.586 kpt=18.592 vis=1.456 | lr=0.00648 | 6.0 img/s | ETA 1236s
07:25:06 | INFO    | xtx.engine.trainer | E2/100 S4021/4244 | total=264.391 box=0.538 cls=2.670 kpt=21.463 vis=1.464 | lr=0.00649 | 6.0 img/s | ETA 1180s
07:25:16 | INFO    | xtx.engine.trainer | E2/100 S4031/4244 | total=215.773 box=0.544 cls=2.534 kpt=17.411 vis=1.491 | lr=0.00650 | 6.1 img/s | ETA 1125s
07:25:26 | INFO    | xtx.engine.trainer | E2/100 S4041/4244 | total=226.637 box=0.569 cls=2.569 kpt=18.294 vis=1.554 | lr=0.00651 | 6.1 img/s | ETA 1070s
07:25:36 | INFO    | xtx.engine.trainer | E2/100 S4051/4244 | total=248.954 box=0.562 cls=2.673 kpt=20.159 vis=1.495 | lr=0.00651 | 6.1 img/s | ETA 1016s
07:25:46 | INFO    | xtx.engine.trainer | E2/100 S4061/4244 | total=220.300 box=0.620 cls=2.587 kpt=17.742 vis=1.457 | lr=0.00652 | 6.1 img/s | ETA 961s
07:25:56 | INFO    | xtx.engine.trainer | E2/100 S4071/4244 | total=225.265 box=0.550 cls=2.667 kpt=18.194 vis=1.475 | lr=0.00653 | 6.1 img/s | ETA 907s
07:26:06 | INFO    | xtx.engine.trainer | E2/100 S4081/4244 | total=235.612 box=0.573 cls=2.699 kpt=19.040 vis=1.481 | lr=0.00654 | 6.1 img/s | ETA 853s
07:26:16 | INFO    | xtx.engine.trainer | E2/100 S4091/4244 | total=236.151 box=0.582 cls=2.632 kpt=19.081 vis=1.500 | lr=0.00655 | 6.1 img/s | ETA 799s
07:26:27 | INFO    | xtx.engine.trainer | E2/100 S4101/4244 | total=253.285 box=0.595 cls=2.610 kpt=20.498 vis=1.538 | lr=0.00655 | 6.1 img/s | ETA 745s
07:26:37 | INFO    | xtx.engine.trainer | E2/100 S4111/4244 | total=218.479 box=0.605 cls=2.566 kpt=17.596 vis=1.506 | lr=0.00656 | 6.2 img/s | ETA 692s
07:26:48 | INFO    | xtx.engine.trainer | E2/100 S4121/4244 | total=220.530 box=0.524 cls=2.629 kpt=17.825 vis=1.388 | lr=0.00657 | 6.2 img/s | ETA 638s
07:26:58 | INFO    | xtx.engine.checkpoint | Saved checkpoint -> runs\xtx-n\last.pt
07:26:59 | INFO    | xtx.engine.trainer | E2/100 S4131/4244 | total=231.787 box=0.540 cls=2.654 kpt=18.744 vis=1.475 | lr=0.00658 | 6.2 img/s | ETA 585s
07:27:09 | INFO    | xtx.engine.trainer | E2/100 S4141/4244 | total=234.985 box=0.572 cls=2.625 kpt=18.991 vis=1.483 | lr=0.00658 | 6.2 img/s | ETA 533s
07:27:20 | INFO    | xtx.engine.trainer | E2/100 S4151/4244 | total=216.528 box=0.558 cls=2.616 kpt=17.462 vis=1.491 | lr=0.00659 | 6.2 img/s | ETA 480s
07:27:30 | INFO    | xtx.engine.trainer | E2/100 S4161/4244 | total=226.753 box=0.592 cls=2.583 kpt=18.292 vis=1.517 | lr=0.00660 | 6.2 img/s | ETA 427s
07:27:40 | INFO    | xtx.engine.trainer | E2/100 S4171/4244 | total=229.729 box=0.574 cls=2.687 kpt=18.552 vis=1.457 | lr=0.00661 | 6.2 img/s | ETA 375s
07:27:50 | INFO    | xtx.engine.trainer | E2/100 S4181/4244 | total=233.583 box=0.583 cls=2.540 kpt=18.866 vis=1.556 | lr=0.00662 | 6.2 img/s | ETA 323s
07:28:01 | INFO    | xtx.engine.trainer | E2/100 S4191/4244 | total=239.213 box=0.581 cls=2.654 kpt=19.327 vis=1.604 | lr=0.00662 | 6.2 img/s | ETA 271s
07:28:11 | INFO    | xtx.engine.trainer | E2/100 S4201/4244 | total=229.397 box=0.598 cls=2.635 kpt=18.510 vis=1.477 | lr=0.00663 | 6.3 img/s | ETA 220s
07:28:21 | INFO    | xtx.engine.trainer | E2/100 S4211/4244 | total=224.380 box=0.568 cls=2.560 kpt=18.113 vis=1.479 | lr=0.00664 | 6.3 img/s | ETA 168s
07:28:31 | INFO    | xtx.engine.trainer | E2/100 S4221/4244 | total=219.632 box=0.589 cls=2.587 kpt=17.701 vis=1.509 | lr=0.00665 | 6.3 img/s | ETA 117s
07:28:42 | INFO    | xtx.engine.trainer | E2/100 S4231/4244 | total=233.356 box=0.592 cls=2.590 kpt=18.843 vis=1.508 | lr=0.00666 | 6.3 img/s | ETA 66s
07:28:54 | INFO    | xtx.engine.trainer | E2/100 S4241/4244 | total=230.216 box=0.597 cls=2.648 kpt=18.569 vis=1.584 | lr=0.00666 | 6.3 img/s | ETA 15s
07:28:58 | INFO    | xtx.engine.trainer | E2/100 S4244/4244 | total=225.479 box=0.551 cls=2.712 kpt=18.212 vis=1.441 | lr=0.00667 | 6.3 img/s | ETA 0s
07:29:43 | INFO    | xtx.engine.trainer | Epoch 2/100 val: AP=0.0875 AP50=0.3002 AP75=0.0000 AR=0.2080
07:29:43 | INFO    | xtx.engine.checkpoint | Saved checkpoint -> runs\xtx-n\last.pt
07:29:44 | INFO    | xtx.engine.checkpoint | Saved checkpoint -> runs\xtx-n\best.pt
07:30:24 | INFO    | xtx.engine.trainer | E3/100 S1/4244 | total=234.677 box=0.605 cls=2.761 kpt=18.936 vis=1.528 | lr=0.00667 | 0.8 img/s | ETA 169985s
07:30:36 | INFO    | xtx.engine.trainer | E3/100 S11/4244 | total=227.050 box=0.601 cls=2.624 kpt=18.306 vis=1.557 | lr=0.00667 | 6.8 img/s | ETA 19938s
07:30:47 | INFO    | xtx.engine.trainer | E3/100 S21/4244 | total=230.682 box=0.627 cls=2.589 kpt=18.596 vis=1.540 | lr=0.00668 | 10.8 img/s | ETA 12554s
07:30:57 | INFO    | xtx.engine.trainer | E3/100 S31/4244 | total=262.524 box=0.581 cls=2.662 kpt=21.273 vis=1.555 | lr=0.00669 | 13.7 img/s | ETA 9869s
07:31:07 | INFO    | xtx.engine.trainer | E3/100 S41/4244 | total=220.919 box=0.604 cls=2.570 kpt=17.801 vis=1.488 | lr=0.00670 | 15.9 img/s | ETA 8468s
07:31:17 | INFO    | xtx.engine.trainer | E3/100 S51/4244 | total=239.557 box=0.570 cls=2.722 kpt=19.378 vis=1.391 | lr=0.00671 | 17.6 img/s | ETA 7606s
07:31:26 | INFO    | xtx.engine.trainer | E3/100 S61/4244 | total=260.018 box=0.600 cls=2.684 kpt=21.050 vis=1.574 | lr=0.00671 | 19.1 img/s | ETA 6994s
07:31:36 | INFO    | xtx.engine.trainer | E3/100 S71/4244 | total=232.052 box=0.595 cls=2.721 kpt=18.729 vis=1.479 | lr=0.00672 | 20.3 img/s | ETA 6590s
07:31:46 | INFO    | xtx.engine.trainer | E3/100 S81/4244 | total=221.439 box=0.578 cls=2.514 kpt=17.863 vis=1.494 | lr=0.00673 | 21.2 img/s | ETA 6280s
07:31:56 | INFO    | xtx.engine.trainer | E3/100 S91/4244 | total=222.298 box=0.572 cls=2.622 kpt=17.928 vis=1.563 | lr=0.00674 | 22.1 img/s | ETA 6027s
07:31:59 | INFO    | xtx.engine.checkpoint | Saved checkpoint -> runs\xtx-n\last.pt
07:32:06 | INFO    | xtx.engine.trainer | E3/100 S101/4244 | total=253.524 box=0.591 cls=2.685 kpt=20.523 vis=1.480 | lr=0.00675 | 22.8 img/s | ETA 5816s
07:32:15 | INFO    | xtx.engine.trainer | E3/100 S111/4244 | total=226.629 box=0.595 cls=2.674 kpt=18.271 vis=1.575 | lr=0.00675 | 23.5 img/s | ETA 5630s
07:32:25 | INFO    | xtx.engine.trainer | E3/100 S121/4244 | total=218.574 box=0.586 cls=2.649 kpt=17.610 vis=1.534 | lr=0.00676 | 24.0 img/s | ETA 5490s
07:32:36 | INFO    | xtx.engine.trainer | E3/100 S131/4244 | total=220.600 box=0.590 cls=2.557 kpt=17.781 vis=1.520 | lr=0.00677 | 24.5 img/s | ETA 5382s
07:32:45 | INFO    | xtx.engine.trainer | E3/100 S141/4244 | total=290.056 box=0.560 cls=2.727 kpt=23.585 vis=1.475 | lr=0.00678 | 24.9 img/s | ETA 5275s
07:32:55 | INFO    | xtx.engine.trainer | E3/100 S151/4244 | total=239.047 box=0.592 cls=2.733 kpt=19.311 vis=1.511 | lr=0.00678 | 25.3 img/s | ETA 5182s
07:33:05 | INFO    | xtx.engine.trainer | E3/100 S161/4244 | total=237.864 box=0.582 cls=2.719 kpt=19.217 vis=1.534 | lr=0.00679 | 25.6 img/s | ETA 5100s
07:33:15 | INFO    | xtx.engine.trainer | E3/100 S171/4244 | total=220.557 box=0.587 cls=2.543 kpt=17.780 vis=1.525 | lr=0.00680 | 25.9 img/s | ETA 5030s
07:33:26 | INFO    | xtx.engine.trainer | E3/100 S181/4244 | total=224.000 box=0.578 cls=2.612 kpt=18.068 vis=1.538 | lr=0.00681 | 26.1 img/s | ETA 4973s
07:33:35 | INFO    | xtx.engine.trainer | E3/100 S191/4244 | total=236.214 box=0.616 cls=2.694 kpt=19.061 vis=1.511 | lr=0.00682 | 26.5 img/s | ETA 4902s
07:33:45 | INFO    | xtx.engine.trainer | E3/100 S201/4244 | total=236.889 box=0.570 cls=2.720 kpt=19.141 vis=1.563 | lr=0.00682 | 26.7 img/s | ETA 4850s
07:33:55 | INFO    | xtx.engine.trainer | E3/100 S211/4244 | total=232.542 box=0.555 cls=2.689 kpt=18.800 vis=1.433 | lr=0.00683 | 26.9 img/s | ETA 4804s
07:34:06 | INFO    | xtx.engine.trainer | E3/100 S221/4244 | total=231.809 box=0.566 cls=2.614 kpt=18.734 vis=1.450 | lr=0.00684 | 27.1 img/s | ETA 4759s
07:34:16 | INFO    | xtx.engine.trainer | E3/100 S231/4244 | total=282.692 box=0.585 cls=2.644 kpt=22.954 vis=1.538 | lr=0.00685 | 27.2 img/s | ETA 4724s
07:34:26 | INFO    | xtx.engine.trainer | E3/100 S241/4244 | total=224.742 box=0.600 cls=2.581 kpt=18.118 vis=1.534 | lr=0.00686 | 27.3 img/s | ETA 4688s
07:34:37 | INFO    | xtx.engine.trainer | E3/100 S251/4244 | total=234.065 box=0.562 cls=2.686 kpt=18.914 vis=1.541 | lr=0.00686 | 27.4 img/s | ETA 4655s
07:34:47 | INFO    | xtx.engine.trainer | E3/100 S261/4244 | total=233.414 box=0.545 cls=2.689 kpt=18.877 vis=1.452 | lr=0.00687 | 27.6 img/s | ETA 4623s
07:34:57 | INFO    | xtx.engine.trainer | E3/100 S271/4244 | total=230.309 box=0.573 cls=2.635 kpt=18.600 vis=1.491 | lr=0.00688 | 27.7 img/s | ETA 4586s
07:35:07 | INFO    | xtx.engine.trainer | E3/100 S281/4244 | total=227.212 box=0.591 cls=2.623 kpt=18.329 vis=1.523 | lr=0.00689 | 27.8 img/s | ETA 4556s
07:35:17 | INFO    | xtx.engine.trainer | E3/100 S291/4244 | total=230.292 box=0.567 cls=2.639 kpt=18.603 vis=1.477 | lr=0.00689 | 27.9 img/s | ETA 4527s
07:35:27 | INFO    | xtx.engine.trainer | E3/100 S301/4244 | total=233.589 box=0.570 cls=2.692 kpt=18.877 vis=1.440 | lr=0.00690 | 28.1 img/s | ETA 4491s
07:35:37 | INFO    | xtx.engine.trainer | E3/100 S311/4244 | total=278.964 box=0.604 cls=2.594 kpt=22.636 vis=1.502 | lr=0.00691 | 28.2 img/s | ETA 4464s
07:35:48 | INFO    | xtx.engine.trainer | E3/100 S321/4244 | total=233.807 box=0.584 cls=2.631 kpt=18.883 vis=1.512 | lr=0.00692 | 28.3 img/s | ETA 4442s
07:35:57 | INFO    | xtx.engine.trainer | E3/100 S331/4244 | total=215.090 box=0.571 cls=2.565 kpt=17.336 vis=1.485 | lr=0.00693 | 28.4 img/s | ETA 4413s
07:36:08 | INFO    | xtx.engine.trainer | E3/100 S341/4244 | total=226.537 box=0.619 cls=2.492 kpt=18.262 vis=1.501 | lr=0.00693 | 28.4 img/s | ETA 4390s
07:36:18 | INFO    | xtx.engine.trainer | E3/100 S351/4244 | total=225.909 box=0.590 cls=2.587 kpt=18.219 vis=1.554 | lr=0.00694 | 28.5 img/s | ETA 4367s
07:36:28 | INFO    | xtx.engine.trainer | E3/100 S361/4244 | total=230.579 box=0.596 cls=2.634 kpt=18.602 vis=1.569 | lr=0.00695 | 28.6 img/s | ETA 4348s
07:36:39 | INFO    | xtx.engine.trainer | E3/100 S371/4244 | total=249.472 box=0.575 cls=2.651 kpt=20.193 vis=1.522 | lr=0.00696 | 28.7 img/s | ETA 4326s
07:36:49 | INFO    | xtx.engine.trainer | E3/100 S381/4244 | total=222.642 box=0.564 cls=2.691 kpt=17.969 vis=1.438 | lr=0.00697 | 28.7 img/s | ETA 4310s
07:37:00 | INFO    | xtx.engine.trainer | E3/100 S391/4244 | total=223.485 box=0.633 cls=2.711 kpt=17.989 vis=1.517 | lr=0.00697 | 28.7 img/s | ETA 4294s
07:37:00 | INFO    | xtx.engine.checkpoint | Saved checkpoint -> runs\xtx-n\last.pt
07:37:10 | INFO    | xtx.engine.trainer | E3/100 S401/4244 | total=242.940 box=0.538 cls=2.726 kpt=19.667 vis=1.535 | lr=0.00698 | 28.8 img/s | ETA 4273s
07:37:21 | INFO    | xtx.engine.trainer | E3/100 S411/4244 | total=229.356 box=0.638 cls=2.667 kpt=18.475 vis=1.545 | lr=0.00699 | 28.8 img/s | ETA 4258s
07:37:31 | INFO    | xtx.engine.trainer | E3/100 S421/4244 | total=224.054 box=0.560 cls=2.594 kpt=18.092 vis=1.451 | lr=0.00700 | 28.9 img/s | ETA 4237s
07:37:41 | INFO    | xtx.engine.trainer | E3/100 S431/4244 | total=229.213 box=0.574 cls=2.588 kpt=18.507 vis=1.526 | lr=0.00700 | 28.9 img/s | ETA 4219s
07:37:51 | INFO    | xtx.engine.trainer | E3/100 S441/4244 | total=228.220 box=0.582 cls=2.717 kpt=18.413 vis=1.533 | lr=0.00701 | 29.0 img/s | ETA 4199s
07:38:01 | INFO    | xtx.engine.trainer | E3/100 S451/4244 | total=229.714 box=0.594 cls=2.632 kpt=18.538 vis=1.484 | lr=0.00702 | 29.0 img/s | ETA 4183s
07:38:12 | INFO    | xtx.engine.trainer | E3/100 S461/4244 | total=230.277 box=0.587 cls=2.775 kpt=18.573 vis=1.613 | lr=0.00703 | 29.1 img/s | ETA 4163s
07:38:22 | INFO    | xtx.engine.trainer | E3/100 S471/4244 | total=231.081 box=0.601 cls=2.570 kpt=18.652 vis=1.461 | lr=0.00704 | 29.1 img/s | ETA 4148s
07:38:32 | INFO    | xtx.engine.trainer | E3/100 S481/4244 | total=243.814 box=0.626 cls=2.726 kpt=19.683 vis=1.564 | lr=0.00704 | 29.1 img/s | ETA 4131s
07:38:43 | INFO    | xtx.engine.trainer | E3/100 S491/4244 | total=244.000 box=0.566 cls=2.636 kpt=19.749 vis=1.452 | lr=0.00705 | 29.2 img/s | ETA 4118s
07:38:53 | INFO    | xtx.engine.trainer | E3/100 S501/4244 | total=232.573 box=0.566 cls=2.680 kpt=18.792 vis=1.481 | lr=0.00706 | 29.2 img/s | ETA 4103s
07:39:04 | INFO    | xtx.engine.trainer | E3/100 S511/4244 | total=244.062 box=0.529 cls=2.773 kpt=19.772 vis=1.447 | lr=0.00707 | 29.2 img/s | ETA 4087s
07:39:16 | INFO    | xtx.engine.trainer | E3/100 S521/4244 | total=228.880 box=0.562 cls=2.626 kpt=18.482 vis=1.562 | lr=0.00708 | 29.2 img/s | ETA 4087s
07:39:29 | INFO    | xtx.engine.trainer | E3/100 S531/4244 | total=238.019 box=0.560 cls=2.644 kpt=19.253 vis=1.462 | lr=0.00708 | 29.1 img/s | ETA 4089s
07:39:40 | INFO    | xtx.engine.trainer | E3/100 S541/4244 | total=232.321 box=0.502 cls=2.620 kpt=18.821 vis=1.393 | lr=0.00709 | 29.0 img/s | ETA 4080s
07:39:51 | INFO    | xtx.engine.trainer | E3/100 S551/4244 | total=233.147 box=0.551 cls=2.661 kpt=18.847 vis=1.520 | lr=0.00710 | 29.0 img/s | ETA 4069s
